"province","city","city_code","station","station_code","lon","lat"
"上海","上海",310000,"普陀","1141A",121.4,31.238
"上海","上海",310000,"十五厂","1142A",121.478,31.2036
"上海","上海",310000,"虹口","1143A",121.467,31.3008
"上海","上海",310000,"徐汇上师大","1144A",121.412,31.1654
"上海","上海",310000,"杨浦四漂","1145A",121.536,31.2659
"上海","上海",310000,"青浦淀山湖","1146A",120.978,31.0935
"上海","上海",310000,"静安监测站","1147A",121.425,31.2261
"上海","上海",310000,"浦东川沙","1148A",121.703,31.1907
"上海","上海",310000,"浦东新区监测站","1149A",121.533,31.2284
"上海","上海",310000,"浦东张江","1150A",121.577,31.2071
"云南","昆明",530100,"关上","1449A",102.743,25.0124
"云南","昆明",530100,"呈贡新区","1450A",102.821,24.8885
"云南","昆明",530100,"西山森林公园","1451A",102.625,24.9624
"云南","昆明",530100,"龙泉镇","1452A",102.728,25.0836
"云南","昆明",530100,"东风东路","1453A",102.722,25.0405
"云南","昆明",530100,"金鼎山","1454A",102.681,25.067
"云南","昆明",530100,"碧鸡广场","1455A",102.638,25.0359
"云南","曲靖",530300,"环境监测站","1916A",103.7897,25.5035
"云南","曲靖",530300,"烟厂办公区","1917A",103.8,25.5364
"云南","玉溪",530400,"东风水库","1715A",102.5778,24.3694
"云南","玉溪",530400,"市监测站","1716A",102.5433,24.3603
"云南","玉溪",530400,"大营街镇","1717A",102.4964,24.3411
"云南","保山",530500,"市环境监测站","2594A",99.1678,25.1081
"云南","保山",530500,"市环保局","2595A",99.1711,25.1328
"云南","昭通",530600,"监测站","2596A",103.7032,27.3392
"云南","昭通",530600,"环保局","2597A",103.7225,27.3361
"云南","丽江",530700,"西南郊","2598A",100.2143,26.8576
"云南","丽江",530700,"丽江古城","2599A",100.2497,26.8802
"云南","丽江",530700,"市中心","2600A",100.2203,26.8906
"云南","普洱",530800,"市环保局","2601A",100.98,22.7633
"云南","普洱",530800,"普洱第二中学","2602A",100.9817,22.8322
"云南","临沧",530900,"市环保局","2603A",100.0869,23.8822
"云南","临沧",530900,"市气象局","2604A",100.0782,23.8982
"云南","楚雄州",532301,"州环境监测站","2605A",101.5482,25.0441
"云南","楚雄州",532301,"市经济开发区","2606A",101.538,25.0492
"云南","红河州",532522,"雨过铺","2607A",103.3113,23.4626
"云南","红河州",532522,"污水处理厂","2608A",103.3772,23.3993
"云南","红河州",532522,"监测站","2609A",103.386,23.4168
"云南","文山州",532621,"州水务局","2610A",104.2533,23.3594
"云南","文山州",532621,"市便民服务中心","2611A",104.2319,23.3892
"云南","西双版纳州",532801,"景洪市江南","2612A",100.7939,22.0019
"云南","西双版纳州",532801,"景洪市江北","2613A",100.8017,22.0225
"云南","大理州",532901,"大理市环境监测站","2614A",100.1542,25.7054
"云南","大理州",532901,"大理古城","2615A",100.2171,25.5811
"云南","德宏州",533103,"德宏州监测站","2616A",98.5842,24.428
"云南","德宏州",533103,"芒市建设局","2617A",98.578,24.441
"云南","怒江州",533321,"州监测站","2618A",98.8601,25.8567
"云南","怒江州",533321,"泸水一中","2619A",98.8546,25.8417
"云南","迪庆州",533421,"古城","2620A",99.7064,27.8136
"云南","迪庆州",533421,"迪庆州站","2621A",99.7056,27.8317
"内蒙古","呼和浩特",150100,"呼市一监","1090A",111.651,40.7579
"内蒙古","呼和浩特",150100,"小召","1091A",111.658,40.8033
"内蒙古","呼和浩特",150100,"兴松小区","1092A",111.659,40.8452
"内蒙古","呼和浩特",150100,"糖厂","1093A",111.608,40.8144
"内蒙古","呼和浩特",150100,"如意水处理厂","1094A",111.751,40.8369
"内蒙古","呼和浩特",150100,"二十九中","1095A",111.7277,40.8062
"内蒙古","呼和浩特",150100,"工大金川校区","1096A",111.551,40.7866
"内蒙古","呼和浩特",150100,"化肥厂生活区","1097A",111.717,40.7612
"内蒙古","包头",150200,"市环境监测站","1585A",109.8756,40.6532
"内蒙古","包头",150200,"包百大楼","1586A",109.8104,40.6575
"内蒙古","包头",150200,"东河城环局","1587A",110.0067,40.5905
"内蒙古","包头",150200,"青山宾馆","1588A",109.8538,40.6821
"内蒙古","包头",150200,"惠龙物流","1589A",109.8654,40.6288
"内蒙古","包头",150200,"东河鸿龙湾","1590A",110.0377,40.5546
"内蒙古","乌海",150300,"聚英学校","2186A",106.8219,39.6719
"内蒙古","乌海",150300,"市林业局","2187A",106.8089,39.6969
"内蒙古","乌海",150300,"中海勃湾学校","2188A",106.7931,39.6572
"内蒙古","赤峰",150400,"松山一中","1744A",118.9233,42.2814
"内蒙古","赤峰",150400,"哈达街","1745A",118.9572,42.2725
"内蒙古","赤峰",150400,"天义路","1746A",118.8789,42.2556
"内蒙古","赤峰",150400,"松山路","1747A",119.2719,42.0317
"内蒙古","通辽",150500,"通辽宾馆","2189A",122.2603,43.6267
"内蒙古","通辽",150500,"胶建铝业","2190A",122.3039,43.6156
"内蒙古","通辽",150500,"艺术职业学校","2191A",122.2532,43.6801
"内蒙古","鄂尔多斯",150600,"综合楼","1591A",110.0023,39.8129
"内蒙古","鄂尔多斯",150600,"巴音孟克林场办事处","1592A",109.9486,39.8261
"内蒙古","鄂尔多斯",150600,"康泽苑","1593A",109.7736,39.5986
"内蒙古","鄂尔多斯",150600,"华泰汽车城","1594A",109.8119,39.5989
"内蒙古","鄂尔多斯",150600,"奥林花园","1595A",109.9734,39.7884
"内蒙古","呼伦贝尔",150700,"区环保局","2192A",119.7594,49.2261
"内蒙古","呼伦贝尔",150700,"市艺校","2193A",119.7283,49.2014
"内蒙古","巴彦淖尔",150800,"秋林养殖基地","2194A",107.5936,40.916
"内蒙古","巴彦淖尔",150800,"附中","2195A",107.4211,40.7608
"内蒙古","巴彦淖尔",150800,"市环保大楼","2196A",107.3715,40.7378
"内蒙古","乌兰察布",150900,"集宁新区","2197A",113.1306,40.9923
"内蒙古","乌兰察布",150900,"集宁旧区西","2198A",113.0974,41.038
"内蒙古","兴安盟",152200,"盟监测站","2199A",122.062,46.0872
"内蒙古","兴安盟",152200,"胜华新制药厂","2200A",122.0506,46.0703
"内蒙古","兴安盟",152200,"科右前旗环保局","2201A",121.9462,46.0756
"内蒙古","锡林郭勒盟",152500,"市环保监测站","2202A",116.1042,43.9317
"内蒙古","锡林郭勒盟",152500,"市政府","2203A",116.0781,43.9311
"内蒙古","阿拉善盟",152900,"体育场","2204A",105.6775,38.8343
"内蒙古","阿拉善盟",152900,"盟环保楼","2205A",105.6975,38.843
"内蒙古","阿拉善盟",152900,"环保局新楼","2206A",105.724,38.8516
"北京","北京",110000,"万寿西宫","1001A",116.366,39.8673
"北京","北京",110000,"定陵","1002A",116.17,40.2865
"北京","北京",110000,"东四","1003A",116.434,39.9522
"北京","北京",110000,"天坛","1004A",116.434,39.8745
"北京","北京",110000,"农展馆","1005A",116.473,39.9716
"北京","北京",110000,"官园","1006A",116.361,39.9425
"北京","北京",110000,"海淀区万柳","1007A",116.315,39.9934
"北京","北京",110000,"顺义新城","1008A",116.72,40.1438
"北京","北京",110000,"怀柔镇","1009A",116.644,40.3937
"北京","北京",110000,"昌平镇","1010A",116.23,40.1952
"北京","北京",110000,"奥体中心","1011A",116.407,40.0031
"北京","北京",110000,"古城","1012A",116.225,39.9279
"吉林","长春",220100,"食品厂","1119A",125.323,43.9167
"吉林","长春",220100,"客车厂","1120A",125.287,43.91
"吉林","长春",220100,"邮电学院","1121A",125.2786,43.84
"吉林","长春",220100,"劳动公园","1122A",125.3649,43.8748
"吉林","长春",220100,"园林处","1123A",125.325,43.8694
"吉林","长春",220100,"净月潭","1124A",125.454,43.7878
"吉林","长春",220100,"甩湾子","1125A",125.633,43.55
"吉林","长春",220100,"经开区环卫处","1126A",125.417,43.8667
"吉林","长春",220100,"高新区管委会","1127A",125.25,43.8167
"吉林","长春",220100,"岱山公园","1128A",125.217,43.85
"吉林","吉林",220200,"哈达湾","1772A",126.555,43.8875
"吉林","吉林",220200,"东局子","1773A",126.5844,43.8358
"吉林","吉林",220200,"电力学院","1774A",126.4978,43.8228
"吉林","吉林",220200,"江北","1775A",126.5786,43.8947
"吉林","吉林",220200,"江南公园","1776A",126.55,43.8256
"吉林","吉林",220200,"丰满","1778A",126.6772,43.7256
"吉林","吉林",220200,"九站","2868A",126.4738889,43.95305556
"吉林","四平",220300,"监测站","2224A",124.3419,43.1747
"吉林","四平",220300,"一商场","2225A",124.3711,43.1594
"吉林","四平",220300,"境园","2226A",124.3897,43.1847
"吉林","辽源",220400,"环保局","2227A",125.1358,42.8947
"吉林","辽源",220400,"污水处理厂","2228A",125.1567,42.8953
"吉林","通化",220500,"光明","2229A",125.9361,41.7156
"吉林","通化",220500,"铁路","2230A",125.9486,41.7381
"吉林","白山",220600,"喜丰","2231A",126.4047,41.9206
"吉林","白山",220600,"环保局","2232A",126.4078,41.9419
"吉林","松原",220700,"江南","2233A",124.8292,45.0878
"吉林","松原",220700,"江北","2234A",124.8528,45.1642
"吉林","白城",220800,"洮北区环保局","2235A",122.8444,45.6289
"吉林","白城",220800,"市环保局","2236A",122.8211,45.6175
"吉林","延边州",222400,"妇幼医院","2237A",129.4892,42.8939
"吉林","延边州",222400,"延边医院","2238A",129.5042,42.9061
"吉林","延边州",222400,"朝阳川镇医院","2239A",129.3675,42.8775
"四川","成都",510100,"金泉两河","1431A",103.97275,30.72358333
"四川","成都",510100,"十里店","1432A",104.176,30.6872
"四川","成都",510100,"三瓦窑","1433A",104.079,30.5706
"四川","成都",510100,"沙河铺","1434A",104.1113889,30.63
"四川","成都",510100,"梁家巷","1435A",104.074,30.685
"四川","成都",510100,"君平街","1437A",104.054,30.6578
"四川","成都",510100,"灵岩寺","1438A",103.613,31.0283
"四川","成都",510100,"大石西路","2880A",104.0238889,30.65638889
"四川","自贡",510300,"大塘山","1897A",104.7547,29.3628
"四川","自贡",510300,"盐马路","1898A",104.7214,29.3586
"四川","自贡",510300,"檀木林街","1899A",104.7747,29.3564
"四川","自贡",510300,"春华路","1900A",104.7692,29.3411
"四川","攀枝花",510400,"弄弄坪","1888A",101.68912,26.57098
"四川","攀枝花",510400,"河门口","1889A",101.5769,26.5928
"四川","攀枝花",510400,"炳草岗","1890A",101.7169,26.585
"四川","攀枝花",510400,"仁和","1891A",101.7453,26.5017
"四川","攀枝花",510400,"四十中小","2835A",101.7227,26.567
"四川","泸州",510500,"九狮山","1893A",105.4306,28.9583
"四川","泸州",510500,"小市上码头","1894A",105.4436,28.9026
"四川","泸州",510500,"兰田宪桥","1895A",105.4322,28.8558
"四川","泸州",510500,"市环监站","1896A",105.4322,28.8833
"四川","德阳",510600,"东山公园","1901A",104.4219,31.1208
"四川","德阳",510600,"西小区","1902A",104.3883,31.1333
"四川","德阳",510600,"市检察院","1903A",104.4053,31.1167
"四川","德阳",510600,"耐火材料厂","1904A",104.3539,31.1108
"四川","绵阳",510700,"富乐山","1878A",104.7778,31.4747
"四川","绵阳",510700,"市人大","1879A",104.7536,31.4539
"四川","绵阳",510700,"高新区自来水公司","1880A",104.6717,31.4656
"四川","绵阳",510700,"三水厂","1881A",104.7283,31.5072
"四川","广元",510800,"黑石坡","2523A",105.8945,32.4535
"四川","广元",510800,"老城","2524A",105.8242,32.4429
"四川","广元",510800,"南坝","2525A",105.8153,32.4246
"四川","广元",510800,"监测站","2526A",105.8624,32.4285
"四川","遂宁",510900,"石溪浩","2527A",105.7519,30.5797
"四川","遂宁",510900,"市监测站","2528A",105.68,30.6133
"四川","遂宁",510900,"行政中心","2529A",105.8161,30.6347
"四川","遂宁",510900,"美宁食品公司","2530A",105.5956,30.475
"四川","内江",511000,"市监测站","2531A",105.0331,29.5953
"四川","内江",511000,"东兴区政府","2532A",105.0717,29.5947
"四川","内江",511000,"内江二中","2533A",105.0653,29.5817
"四川","内江",511000,"内江日报社","2534A",105.0406,29.5822
"四川","乐山",511100,"乐山大佛景区","2535A",103.7705,29.5467
"四川","乐山",511100,"牛耳桥","2536A",103.7627,29.5844
"四川","乐山",511100,"市第三水厂","2537A",103.7506,29.6007
"四川","乐山",511100,"市监测站","2538A",103.757,29.5634
"四川","南充",511300,"西山风景区","1905A",106.056,30.8064
"四川","南充",511300,"南充市委","1906A",106.0789,30.8023
"四川","南充",511300,"南充炼油厂","1907A",106.1031,30.8217
"四川","南充",511300,"高坪区监测站","1908A",106.1064,30.7856
"四川","南充",511300,"嘉陵区环保局","1909A",106.0642,30.7636
"四川","南充",511300,"市环境监测站","1910A",106.1087,30.8388
"四川","眉山",511400,"蟆颐观","2539A",103.8986,30.0506
"四川","眉山",511400,"气象局","2540A",103.8416,30.0874
"四川","眉山",511400,"旭光小区","2541A",103.8495,30.0691
"四川","眉山",511400,"市监测站","2542A",103.8341,30.062
"四川","宜宾",511500,"石马中学","1882A",104.5969,28.8194
"四川","宜宾",511500,"市委","1883A",104.6225,28.76611
"四川","宜宾",511500,"宜宾四中","1884A",104.6061,28.7867
"四川","宜宾",511500,"市政府","1885A",104.6417,28.76389
"四川","宜宾",511500,"黄金嘴","1886A",104.5761,28.71583
"四川","宜宾",511500,"沙坪中学","1887A",104.6789,28.7989
"四川","广安",511600,"小平旧居","2543A",106.631,30.518
"四川","广安",511600,"市委","2544A",106.6303,30.4576
"四川","广安",511600,"友谊中学","2545A",106.6271,30.4663
"四川","广安",511600,"人工湖","2546A",106.6406,30.4844
"四川","广安",511600,"广电花园","2547A",106.6388,30.4551
"四川","广安",511600,"北辰小学","2902A",106.6351,30.4865
"四川","达州",511700,"达州职业技术学院","2548A",107.5272,31.2797
"四川","达州",511700,"市环境监测站","2549A",107.525,31.215
"四川","达州",511700,"凤凰小区","2550A",107.4967,31.2108
"四川","达州",511700,"达县机关宾馆","2551A",107.5069,31.1956
"四川","达州",511700,"市政中心","2552A",107.4611,31.2058
"四川","雅安",511800,"大兴526台","2553A",103.009,30.0125
"四川","雅安",511800,"建安厂","2554A",103.0013,29.9899
"四川","雅安",511800,"市政府","2555A",103.0109,29.9834
"四川","雅安",511800,"川农大","2556A",103.0001,29.9816
"四川","巴中",511900,"南龛公园","2557A",106.7583,31.8475
"四川","巴中",511900,"市环保局","2558A",106.7389,31.8711
"四川","巴中",511900,"巴中中学","2559A",106.7594,31.8531
"四川","巴中",511900,"市六中","2560A",106.7608,31.8456
"四川","巴中",511900,"苏山坪","2914A",106.7513889,31.87888889
"四川","巴中",511900,"职业中学","2915A",106.7619444,31.85805556
"四川","资阳",512000,"莲花山","2561A",104.6617,30.1366
"四川","资阳",512000,"资阳中学","2562A",104.6356,30.1506
"四川","资阳",512000,"四三一厂","2563A",104.6289,30.1377
"四川","资阳",512000,"师范校","2564A",104.6469,30.1142
"四川","资阳",512000,"区法院","2565A",104.6294,30.1259
"四川","阿坝州",513200,"州农科所","2566A",102.1755,31.9286
"四川","阿坝州",513200,"州监测站","2567A",102.2218,31.9025
"四川","阿坝州",513200,"马师校","2568A",102.2402,31.8934
"四川","甘孜州",513300,"将军桥","2569A",101.9628,30.0506
"四川","甘孜州",513300,"水桥子","2570A",101.9603,30.0475
"四川","凉山州",513400,"青龙寺","2571A",102.3419,27.8094
"四川","凉山州",513400,"邛海宾馆","2572A",102.2714,27.8408
"四川","凉山州",513400,"西昌市政府","2573A",102.2625,27.8978
"四川","凉山州",513400,"凉山州政府","2574A",102.2689,27.8847
"四川","凉山州",513400,"长安","2575A",102.2311,27.8953
"天津","天津",120000,"南口路","1014A",117.193,39.173
"天津","天津",120000,"勤俭路","1015A",117.145,39.1654
"天津","天津",120000,"南京路","1016A",117.184,39.1205
"天津","天津",120000,"大直沽八号路","1017A",117.237,39.1082
"天津","天津",120000,"前进路","1018A",117.202,39.0927
"天津","天津",120000,"北辰科技园区","1019A",117.1837,39.2133
"天津","天津",120000,"跃进路","1021A",117.307,39.0877
"天津","天津",120000,"第四大街","1023A",117.707,39.0343
"天津","天津",120000,"永明路","1024A",117.457,38.8394
"天津","天津",120000,"航天路","1025A",117.401,39.124
"天津","天津",120000,"汉北路","1026A",117.764,39.1587
"天津","天津",120000,"团泊洼","1027A",117.157,38.9194
"天津","天津",120000,"河西一经路","2858A",117.7918,39.2474
"天津","天津",120000,"津沽路","2859A",117.3747,38.9846
"天津","天津",120000,"宾水西道","2860A",117.1589,39.0845
"天津","天津",120000,"大理道","2922A",117.1941,39.1067
"宁夏","银川",640100,"贺兰山马莲口","1484A",105.9512,38.6016
"宁夏","银川",640100,"银湖巷","1485A",106.2682,38.4744
"宁夏","银川",640100,"宁安大街","1486A",106.217,38.4536
"宁夏","银川",640100,"宁化生活区","1487A",106.0715,38.4858
"宁夏","银川",640100,"贺兰山东路","1488A",106.2328,38.4975
"宁夏","银川",640100,"学院路","1489A",106.1358,38.5036
"宁夏","银川",640100,"水乡路(直管站)","2924A",106.2275,38.44139
"宁夏","银川",640100,"上海东路","2925A",106.2739,38.4841
"宁夏","银川",640100,"文昌北街","2926A",106.1024,38.49494
"宁夏","石嘴山",640200,"沙湖旅游区","1947A",106.3394,38.817
"宁夏","石嘴山",640200,"大武口黄河东街","1948A",106.3717,39.0153
"宁夏","石嘴山",640200,"惠农南大街","1949A",106.7704,39.2282
"宁夏","石嘴山",640200,"红果子镇惠新街","1950A",106.7096,39.1292
"宁夏","吴忠",640300,"教育园区","2677A",106.1532,37.9648
"宁夏","吴忠",640300,"高级中学","2678A",106.2025,37.9844
"宁夏","吴忠",640300,"新区二泵站","2679A",106.196,37.9723
"宁夏","固原",640400,"马园","2683A",106.2319,36.1417
"宁夏","固原",640400,"监测站","2684A",106.2792,36.0022
"宁夏","固原",640400,"新区","2685A",106.2375,36.0211
"宁夏","中卫",640500,"沙坡头消防站","2680A",105.0197,37.4514
"宁夏","中卫",640500,"官桥站","2681A",105.18,37.0172
"宁夏","中卫",640500,"环保局站","2682A",105.1971,37.5002
"安徽","合肥",340100,"明珠广场","1270A",117.196,31.7848
"安徽","合肥",340100,"三里街","1271A",117.307,31.8766
"安徽","合肥",340100,"琥珀山庄","1272A",117.259,31.8706
"安徽","合肥",340100,"董铺水库","1273A",117.16,31.9051
"安徽","合肥",340100,"长江中路","1274A",117.25,31.8572
"安徽","合肥",340100,"庐阳区","1275A",117.266,31.9438
"安徽","合肥",340100,"瑶海区","1276A",117.336,31.8585
"安徽","合肥",340100,"包河区","1277A",117.302,31.7956
"安徽","合肥",340100,"滨湖新区","1278A",117.278,31.7386
"安徽","合肥",340100,"高新区","1279A",117.124,31.8516
"安徽","芜湖",340200,"监测站","1794A",118.3528,31.3508
"安徽","芜湖",340200,"科创中心","1795A",118.37,31.4189
"安徽","芜湖",340200,"四水厂","1796A",118.3708,31.3178
"安徽","芜湖",340200,"五七二零厂","1797A",118.4022,31.3839
"安徽","蚌埠",340300,"工人疗养院","2270A",117.3961,32.939
"安徽","蚌埠",340300,"百货大楼","2271A",117.3575,32.9444
"安徽","蚌埠",340300,"二水厂","2272A",117.3086,32.935
"安徽","蚌埠",340300,"蚌埠学院","2273A",117.4186,32.8913
"安徽","蚌埠",340300,"淮上区政府","2274A",117.3536,32.9673
"安徽","蚌埠",340300,"高新区","2275A",117.3065,32.8985
"安徽","淮南",340400,"潘集区政府","2277A",116.8028,32.7639
"安徽","淮南",340400,"师范学院","2278A",117.0083,32.645
"安徽","淮南",340400,"谢家集区政府","2279A",116.8556,32.6028
"安徽","淮南",340400,"八公山区政府","2280A",116.8306,32.6319
"安徽","淮南",340400,"焦岗湖风景区管理处","2281A",116.7039,32.625
"安徽","淮南",340400,"益益乳业工业园","2874A",117.0411667,32.64600333
"安徽","马鞍山",340500,"湖东路四小","1798A",118.5058,31.6861
"安徽","马鞍山",340500,"天平服装","1799A",118.4828,31.6411
"安徽","马鞍山",340500,"慈湖二小","1800A",118.5106,31.7506
"安徽","马鞍山",340500,"马钢动力厂","1801A",118.48,31.6928
"安徽","马鞍山",340500,"市教育基地","1802A",118.6439,31.7133
"安徽","淮北",340600,"监测站","2282A",116.8008,33.975
"安徽","淮北",340600,"烈山区政府","2283A",116.8067,33.8997
"安徽","淮北",340600,"职业技术学院","2284A",116.7844,33.9461
"安徽","铜陵",340700,"市第四中学","2285A",117.8178,30.9414
"安徽","铜陵",340700,"市公路局","2286A",117.8078,30.9222
"安徽","铜陵",340700,"市新民污水厂","2287A",117.7806,30.9414
"安徽","铜陵",340700,"市第九中学","2288A",117.7442,30.8811
"安徽","铜陵",340700,"车站新区","2289A",117.8561,30.9219
"安徽","铜陵",340700,"市职教基地","2290A",117.8472,30.9697
"安徽","安庆",340800,"环科院","2291A",117.0549,30.5103
"安徽","安庆",340800,"马山宾馆","2292A",117.0331111,30.51197222
"安徽","安庆",340800,"联富花园","2293A",117.0486,30.5489
"安徽","安庆",340800,"安庆大学","2294A",116.9894,30.6145
"安徽","黄山",341000,"延安路89号","2295A",118.3057,29.7128
"安徽","黄山",341000,"黄山东路89号","2296A",118.3236,29.7207
"安徽","黄山",341000,"黄山区政府5号楼","2297A",118.1371,30.2756
"安徽","滁州",341100,"老年大学","2298A",118.3094,32.3153
"安徽","滁州",341100,"人大宾馆","2299A",118.3244,32.2786
"安徽","滁州",341100,"监测站","2300A",118.3158,32.3061
"安徽","阜阳",341200,"市监测站","2301A",115.8275,32.8928
"安徽","阜阳",341200,"开发区","2303A",115.8556,32.8603
"安徽","阜阳",341200,"阜阳职业技术学院","2875A",115.7838889,32.88922222
"安徽","宿州",341300,"监测楼","2304A",116.9765,33.6481
"安徽","宿州",341300,"一中","2305A",116.9677,33.6284
"安徽","宿州",341300,"火车站","2306A",116.989,33.63063889
"安徽","六安",341500,"监测大楼","2307A",116.508,31.7371
"安徽","六安",341500,"皖西学院","2308A",116.478,31.7618
"安徽","六安",341500,"朝阳厂","2309A",116.5068,31.7797
"安徽","六安",341500,"开发区","2310A",116.5661,31.7712
"安徽","亳州",341600,"污水处理厂","2311A",115.8067,33.8399
"安徽","亳州",341600,"三国揽胜宫","2312A",115.7831,33.8561
"安徽","池州",341700,"环保大楼","2313A",117.4808,30.6414
"安徽","池州",341700,"池州学院","2314A",117.4697,30.6617
"安徽","池州",341700,"平天湖","2315A",117.4974,30.6539
"安徽","池州",341700,"老干部局","2916A",117.49,30.66
"安徽","宣城",341800,"鳌峰子站","2316A",118.7581,30.9447
"安徽","宣城",341800,"敬亭山子站","2317A",118.7386,30.9742
"安徽","宣城",341800,"开发区子站","2318A",118.7175,30.9431
"山东","济南",370100,"科干所","1299A",116.988,36.6114
"山东","济南",370100,"农科所","1300A",116.93,36.67
"山东","济南",370100,"开发区","1301A",117.114,36.6739
"山东","济南",370100,"济南化工厂","1302A",116.989,36.6872
"山东","济南",370100,"省种子仓库","1303A",117.0684,36.6868
"山东","济南",370100,"机床二厂","1304A",116.943,36.6489
"山东","济南",370100,"市监测站","1305A",117.049,36.6622
"山东","济南",370100,"长清党校","1306A",116.734,36.5336
"山东","章丘",370181,"环境监测站","1961A",117.541,36.71
"山东","章丘",370181,"明水开发区","1962A",117.541,36.71
"山东","青岛",370200,"仰口","1307A",120.6659,36.2403
"山东","青岛",370200,"李沧区子站","1308A",120.3905,36.1851
"山东","青岛",370200,"市北区子站","1309A",120.3471,36.0699
"山东","青岛",370200,"市南区东部子站","1310A",120.4134,36.0654
"山东","青岛",370200,"四方区子站","1311A",120.3664,36.1032
"山东","青岛",370200,"市南区西部子站","1312A",120.2992,36.0543
"山东","青岛",370200,"崂山区子站","1313A",120.4587,36.0851
"山东","青岛",370200,"黄岛区子站","1314A",120.1964,36.3083
"山东","青岛",370200,"城阳区子站","1315A",120.4001,36.2403
"山东","胶州",370281,"胶州环保局","1967A",120.008,36.283
"山东","胶州",370281,"胶州一中","1968A",120.014,36.253
"山东","即墨",370282,"环保局子站","1963A",120.61,36.44
"山东","即墨",370282,"开发区子站","1964A",120.47,36.39
"山东","平度",370283,"1号","1971A",119.952,36.792
"山东","平度",370283,"2号","1972A",119.976,36.799
"山东","胶南",370284,"JN子站","1965A",120.005,35.878
"山东","胶南",370284,"2号子站","1966A",120.039,35.872
"山东","莱西",370285,"环保局子站","1969A",120.537,36.865
"山东","莱西",370285,"人民广场子站","1970A",120.515,36.885
"山东","淄博",370300,"人民公园","1631A",118.0482,36.8088
"山东","淄博",370300,"东风化工厂","1632A",118.0448,36.838
"山东","淄博",370300,"双山","1633A",117.8477,36.497
"山东","淄博",370300,"气象站","1634A",117.9544,36.6377
"山东","淄博",370300,"莆田园","1635A",118.3092,36.8198
"山东","淄博",370300,"三金集团","1636A",117.8512,36.8041
"山东","枣庄",370400,"市中区政府","1637A",117.5564,34.864
"山东","枣庄",370400,"薛城环保局","1638A",117.2852,34.7837
"山东","枣庄",370400,"峄城区政府","1639A",117.5852,34.7745
"山东","枣庄",370400,"台儿庄区环保局","1640A",117.732,34.5667
"山东","枣庄",370400,"山亭区环保局","1641A",117.4518,35.0992
"山东","东营",370500,"西城阳光环保公司","1665A",118.5019,37.4658
"山东","东营",370500,"市环保局","1666A",118.6672,37.4314
"山东","东营",370500,"耿井村","1667A",118.5857,37.4442
"山东","东营",370500,"广南水库","1668A",118.8192,37.3781
"山东","烟台",370600,"开发区","1642A",121.2514,37.5639
"山东","烟台",370600,"轴承厂","1643A",121.3719,37.5433
"山东","烟台",370600,"西郊化工站","1644A",121.3181,37.5436
"山东","烟台",370600,"莱山环保局","1645A",121.4478,37.4822
"山东","烟台",370600,"福山环保局","1646A",121.2611,37.4967
"山东","烟台",370600,"牟平环保局","1647A",121.5953,37.3872
"山东","莱州",370683,"莱州环保局","1977A",119.941,37.177
"山东","莱州",370683,"莱州外经委","1978A",119.959,37.18
"山东","蓬莱",370684,"蓬莱环保局","1973A",120.747,37.825
"山东","蓬莱",370684,"蓬莱博物馆","1974A",120.773,37.809
"山东","招远",370685,"招远环保局","1975A",120.399,37.374
"山东","招远",370685,"招远教育局","1976A",120.394,37.364
"山东","潍坊",370700,"仲裁委","1648A",119.12,36.7019
"山东","潍坊",370700,"环保局","1650A",119.1425,36.7008
"山东","潍坊",370700,"寒亭监测站","1652A",119.1939,36.7731
"山东","潍坊",370700,"幼特教师范","2876A",119.0841,36.7339
"山东","潍坊",370700,"坊子邮政","2877A",119.1638,36.6525
"山东","寿光",370783,"监测站","1959A",118.746,36.881
"山东","寿光",370783,"世纪学校","1960A",118.78,36.864
"山东","济宁",370800,"火炬城","1653A",116.6305,35.428
"山东","济宁",370800,"监测站","1654A",116.5856,35.4144
"山东","济宁",370800,"电化厂","1655A",116.5546,35.4039
"山东","泰安",370900,"监测站","1656A",117.1436,36.1942
"山东","泰安",370900,"人口学校","1657A",117.0881,36.1942
"山东","泰安",370900,"电力学校","1658A",117.1081,36.1758
"山东","威海",371000,"华夏技校","1662A",122.1206,37.4294
"山东","威海",371000,"山大分校","1663A",122.0508,37.5325
"山东","威海",371000,"市监测站","1664A",122.1067,37.5072
"山东","文登",371081,"文登市环保局","1981A",122.038,37.197
"山东","文登",371081,"文登市丝绸公司","1982A",122.019,37.187
"山东","荣成",371082,"荣成市环保局办公楼","1979A",122.471,37.154
"山东","荣成",371082,"山东成山轮胎公司","1980A",122.41,37.161
"山东","乳山",371083,"乳山市环保局","1983A",121.531,36.913
"山东","乳山",371083,"乳山市气象局","1984A",121.544,36.907
"山东","日照",371100,"监测站","1659A",119.4641,35.4178
"山东","日照",371100,"市政府广场","1660A",119.5198,35.4234
"山东","日照",371100,"港务局","1661A",119.54,35.3962
"山东","莱芜",371200,"植物油厂","1615A",117.685,36.205
"山东","莱芜",371200,"技术学院","1616A",117.6789,36.2289
"山东","莱芜",371200,"日升国际","1617A",117.715,36.2081
"山东","临沂",371300,"沂河小区","1618A",118.3418,35.0573
"山东","临沂",371300,"鲁南制药厂","1619A",118.2939,35.0622
"山东","临沂",371300,"新光毛纺厂","1620A",118.2764,34.9817
"山东","临沂",371300,"河东保险公司","1621A",118.4023,35.0896
"山东","德州",371400,"儿童乐园","1622A",116.3061,37.4664
"山东","德州",371400,"黑马集团","1623A",116.2729,37.4504
"山东","德州",371400,"监理站","1624A",116.3189,37.4489
"山东","聊城",371500,"区政府","1625A",115.9848,36.4372
"山东","聊城",371500,"党校","1627A",115.9835,36.4796
"山东","聊城",371500,"聊大东校","2878A",116.0072,36.4343
"山东","滨州",371600,"市环保局","1628A",118.0062,37.3803
"山东","滨州",371600,"第二水厂","1629A",118.0018,37.3617
"山东","滨州",371600,"北中新校","1630A",117.9776,37.393
"山东","菏泽",371700,"市气象局","1718A",115.42277,35.248889
"山东","菏泽",371700,"市政协","1719A",115.474722,35.2375
"山东","菏泽",371700,"菏泽学院","1720A",115.455,35.27
"山西","太原",140100,"尖草坪","1081A",112.522,37.8873
"山西","太原",140100,"涧河","1082A",112.573,37.9103
"山西","太原",140100,"上兰","1083A",112.434,38.0108
"山西","太原",140100,"晋源","1084A",112.469,37.7124
"山西","太原",140100,"小店","1085A",112.5583,37.7394
"山西","太原",140100,"桃园","1086A",112.5369,37.8692
"山西","太原",140100,"坞城","1087A",112.57,37.8195
"山西","太原",140100,"南寨","1088A",112.549,37.9854
"山西","太原",140100,"金胜","1089A",112.488,37.7805
"山西","大同",140200,"果树场","1721A",113.3819,40.1097
"山西","大同",140200,"红旗广场","1722A",113.2858,40.0958
"山西","大同",140200,"云冈宾馆","1723A",113.2994,40.0758
"山西","大同",140200,"大同大学","1724A",113.3444,40.0917
"山西","大同",140200,"安家小村","1725A",113.2661,40.1269
"山西","大同",140200,"教育学院","1726A",113.2711,40.0844
"山西","大同",140200,"供排水公司","2923A",113.2803,40.1114
"山西","阳泉",140300,"市中心","1738A",113.5753,37.8564
"山西","阳泉",140300,"赛鱼","1739A",113.4922,37.8792
"山西","阳泉",140300,"南庄","1740A",113.5922,37.8561
"山西","阳泉",140300,"白羊墅","1741A",113.6292,37.8531
"山西","阳泉",140300,"平坦","1742A",113.5689,37.8694
"山西","阳泉",140300,"大阳泉","1743A",113.5158,37.85
"山西","长治",140400,"清华站","1727A",113.1097,36.1542
"山西","长治",140400,"监测站","1728A",113.0972,36.1939
"山西","长治",140400,"审计局","1730A",113.0886,36.2126
"山西","长治",140400,"长治八中","1731A",113.0844444,36.1855
"山西","长治",140400,"德盛苑","2845A",113.1569,36.1912
"山西","晋城",140500,"自来水公司","2160A",112.85,35.5051
"山西","晋城",140500,"白云商贸","2161A",112.835,35.4934
"山西","晋城",140500,"市环保局","2162A",112.8564,35.4883
"山西","晋城",140500,"技术学院","2163A",112.8664,35.4894
"山西","晋城",140500,"泽州一中","2164A",112.8252,35.4813
"山西","晋城",140500,"白马寺","2165A",112.8453,35.546
"山西","朔州",140600,"平朔","2166A",112.44,39.3514
"山西","朔州",140600,"朔唯","2167A",112.4549,39.3606
"山西","朔州",140600,"区政府","2168A",112.4254,39.3179
"山西","朔州",140600,"市环保局","2169A",112.4078,39.3265
"山西","朔州",140600,"市二中","2170A",112.4279,39.3673
"山西","晋中",140700,"锦纶小区","2171A",112.7549,37.7019
"山西","晋中",140700,"南都小区","2173A",112.7306,37.7111
"山西","晋中",140700,"榆次区政府","2174A",112.7105,37.7087
"山西","晋中",140700,"榆次三中","2865A",112.7194444,37.68277778
"山西","运城",140800,"运城中学","2175A",110.9956,35.0147
"山西","运城",140800,"禹都开发区","2176A",111.0233,35.0611
"山西","运城",140800,"地区技校","2178A",110.9678,35.0308
"山西","运城",140800,"空港新区","2179A",111.0414,35.1147
"山西","运城",140800,"外滩首府","2866A",111.0522222,35.04388889
"山西","忻州",140900,"机引","2180A",112.7356,38.4186
"山西","忻州",140900,"开发区","2181A",112.7383,38.4519
"山西","忻州",140900,"会展中心","2182A",112.7003,38.4928
"山西","临汾",141000,"市监测站","1732A",111.5125,36.0978
"山西","临汾",141000,"临钢医院","1733A",111.5531,36.0783
"山西","临汾",141000,"技工学校","1734A",111.5028,36.0714
"山西","临汾",141000,"工商学校","1735A",111.5169,36.0822
"山西","临汾",141000,"市委","1736A",111.5025,36.0875
"山西","临汾",141000,"南机场","1737A",111.4917,36.0417
"山西","吕梁",141100,"环保局","2183A",111.1406,37.5211
"山西","吕梁",141100,"自来水公司","2185A",111.1297,37.5136
"山西","吕梁",141100,"马茂庄小学","2867A",111.1283333,37.51
"广东","广州",440100,"广雅中学","1345A",113.235,23.1422
"广东","广州",440100,"市五中","1346A",113.261,23.105
"广东","广州",440100,"广东商学院","1348A",113.348,23.0916
"广东","广州",440100,"市八十六中","1349A",113.433,23.105
"广东","广州",440100,"番禺中学","1350A",113.352,22.9477
"广东","广州",440100,"花都师范","1351A",113.215,23.3917
"广东","广州",440100,"市监测站","1352A",113.26,23.1331
"广东","广州",440100,"九龙镇镇龙","1353A",113.568,23.2783
"广东","广州",440100,"麓湖","1354A",113.281,23.1569
"广东","广州",440100,"帽峰山森林公园","1355A",113.589,23.5538
"广东","广州",440100,"体育西","2846A",113.3208,23.1323
"广东","韶关",440200,"市八中","1669A",113.586606,24.769519
"广东","韶关",440200,"碧湖山庄","1670A",113.5593889,24.81119444
"广东","韶关",440200,"园林处","1671A",113.598061,24.795928
"广东","韶关",440200,"韶关学院","1672A",113.6734722,24.77908333
"广东","韶关",440200,"曲江监测站","1673A",113.5970833,24.68636111
"广东","深圳",440300,"荔园","1356A",114.096,22.55
"广东","深圳",440300,"洪湖","1357A",114.117,22.5625
"广东","深圳",440300,"华侨城","1358A",113.987,22.5417
"广东","深圳",440300,"南油","1359A",113.923,22.5167
"广东","深圳",440300,"盐田","1360A",114.263,22.5908
"广东","深圳",440300,"龙岗","1361A",114.24,22.7267
"广东","深圳",440300,"西乡","1362A",113.891,22.5794
"广东","深圳",440300,"南澳","1363A",114.494,22.5422
"广东","深圳",440300,"葵涌","1364A",114.41,22.6342
"广东","深圳",440300,"梅沙","1365A",114.297,22.5978
"广东","深圳",440300,"观澜","1366A",114.085,22.75
"广东","珠海",440400,"吉大","1367A",113.574,22.2611
"广东","珠海",440400,"前山","1368A",113.495,22.2294
"广东","珠海",440400,"唐家","1369A",113.628,22.4251
"广东","珠海",440400,"斗门","1370A",113.299,22.2281
"广东","汕头",440500,"金平子站","1674A",116.6794,23.3667
"广东","汕头",440500,"龙湖子站","1675A",116.7244,23.3633
"广东","汕头",440500,"濠江子站","1676A",116.7258,23.2775
"广东","汕头",440500,"澄海子站","1677A",116.7519,23.4714
"广东","汕头",440500,"潮阳子站","1678A",116.6092,23.2539
"广东","汕头",440500,"潮南子站","1679A",116.4019,23.2536
"广东","佛山",440600,"湾梁","1371A",113.134,23.0048
"广东","佛山",440600,"华材职中","1372A",113.105,23.0395
"广东","佛山",440600,"南海气象局","1373A",113.144,23.0467
"广东","佛山",440600,"顺德苏岗","1374A",113.292,22.8054
"广东","佛山",440600,"容桂街道办","1375A",113.257,22.7629
"广东","佛山",440600,"高明孔堂","1376A",112.844,22.8693
"广东","佛山",440600,"三水监测站","1377A",112.885,23.1572
"广东","佛山",440600,"三水云东海","1378A",112.863,23.1886
"广东","江门",440700,"北街","1383A",113.104,22.6069
"广东","江门",440700,"西区","1384A",113.074,22.5811
"广东","江门",440700,"圭峰西","1385A",113.024,22.5328
"广东","江门",440700,"东湖","1386A",113.0819,22.5931
"广东","湛江",440800,"湛江影剧院","1680A",110.3539,21.2706
"广东","湛江",440800,"市环境监测站","1681A",110.3928,21.2228
"广东","湛江",440800,"环保局宿舍","1682A",110.4019,21.1997
"广东","湛江",440800,"霞山游泳场","1683A",110.4111,21.2028
"广东","湛江",440800,"麻章区环保局","1684A",110.3316,21.2679
"广东","湛江",440800,"坡头区环保局","1685A",110.4558,21.2567
"广东","茂名",440900,"市环保局茂港分局","1686A",111.0286,21.4689
"广东","茂名",440900,"茂石化七小","1687A",110.9294,21.6533
"广东","茂名",440900,"健康路","1688A",110.9067,21.6669
"广东","茂名",440900,"高岭","1689A",110.8592,21.6828
"广东","肇庆",441200,"睦岗子站","1397A",112.427,23.0706
"广东","肇庆",441200,"城中子站","1398A",112.471,23.0528
"广东","肇庆",441200,"坑口子站","1399A",112.565,23.1617
"广东","肇庆",441200,"七星岩子站","1400A",112.4722,23.0786
"广东","惠州",441300,"河南岸金山湖子站","1392A",114.4183,23.0528
"广东","惠州",441300,"下埔横江三路子站","1393A",114.4053,23.08
"广东","惠州",441300,"江北云山西路子站","1394A",114.4103,23.1142
"广东","惠州",441300,"惠阳区承修路船湖子站","1395A",114.3244,22.8172
"广东","惠州",441300,"大亚湾管委会子站","1396A",114.5317,22.7422
"广东","梅州",441400,"嘉应大学","1690A",116.1278,24.3289
"广东","梅州",441400,"梅县新城","1691A",116.0797,24.2719
"广东","梅州",441400,"环境监控中心","1692A",116.1248,24.2654
"广东","汕尾",441500,"市环保局","1693A",115.3653,22.775
"广东","汕尾",441500,"市政府","1694A",115.3706,22.7898
"广东","汕尾",441500,"新城中学","1695A",115.3622,22.7925
"广东","河源",441600,"源西","1696A",114.6778,23.7569
"广东","河源",441600,"东埔","1697A",114.6944,23.7586
"广东","河源",441600,"老城","1698A",114.6892,23.7233
"广东","阳江",441700,"鸳鸯湖","1699A",111.9786,21.8586
"广东","阳江",441700,"南恩路","1700A",111.9508,21.8536
"广东","阳江",441700,"马南垌","1701A",111.9494,21.865
"广东","清远",441800,"环保大楼","1702A",113.0425,23.6936
"广东","清远",441800,"凤城街办","1703A",113.0208,23.7106
"广东","清远",441800,"高新区","1704A",113.0622,23.6272
"广东","东莞",441900,"东城主山","1387A",113.7819444,23.05361111
"广东","东莞",441900,"南城元岭","1388A",113.7461111,23.02777778
"广东","东莞",441900,"莞城梨川","1389A",113.7480556,23.06
"广东","东莞",441900,"东城石井","1390A",113.7944444,23.01277778
"广东","东莞",441900,"南城西平","1391A",113.7383333,22.96583333
"广东","中山",442000,"华柏园","1379A",113.3769,22.5211
"广东","中山",442000,"张溪","1380A",113.3881,22.5497
"广东","中山",442000,"紫马岭","1381A",113.4075,22.5111
"广东","中山",442000,"长江旅游区","1382A",113.4411,22.4853
"广东","潮州",445100,"西园路","1705A",116.6339,23.6714
"广东","潮州",445100,"档案局","1706A",116.6447,23.6706
"广东","潮州",445100,"市政公司","1707A",116.6175,23.6531
"广东","揭阳",445200,"新兴","1708A",116.3697,23.5353
"广东","揭阳",445200,"西马","1709A",116.3242,23.5486
"广东","揭阳",445200,"东兴","1710A",116.3594,23.5739
"广东","揭阳",445200,"渔湖","1711A",116.4094,23.5292
"广东","云浮",445300,"新市府","1712A",112.0392,22.9169
"广东","云浮",445300,"市监测站","1713A",112.0369,22.9394
"广东","云浮",445300,"牧羊","1714A",112.0539,22.9539
"广西","南宁",450100,"振宁花园","1401A",108.301,22.7875
"广西","南宁",450100,"北湖","1402A",108.316,22.8561
"广西","南宁",450100,"市监测站","1403A",108.321,22.8225
"广西","南宁",450100,"大自然花园","1404A",108.383,22.805
"广西","南宁",450100,"仙葫","1405A",108.439,22.7906
"广西","南宁",450100,"区农职院","1406A",108.239,22.8464
"广西","南宁",450100,"英华嘉园","1407A",108.328,22.735
"广西","南宁",450100,"沙井镇街道办","1408A",108.244,22.7833
"广西","柳州",450200,"柳东小学","1870A",109.4883,24.3898
"广西","柳州",450200,"环保监测站","1871A",109.4108,24.3304
"广西","柳州",450200,"河西水厂","1872A",109.3886,24.3406
"广西","柳州",450200,"市四中","1873A",109.4221,24.299
"广西","柳州",450200,"市九中","1874A",109.3957,24.3663
"广西","柳州",450200,"古亭山","1875A",109.4839,24.3158
"广西","桂林",450300,"电子科大尧山校区","1862A",110.4144,25.3167
"广西","桂林",450300,"监测站","1863A",110.2819,25.2697
"广西","桂林",450300,"龙隐路小学","1864A",110.3089,25.2708
"广西","桂林",450300,"八中","1865A",110.2869,25.2178
"广西","梧州",450400,"市环保","2495A",111.2897,23.4792
"广西","梧州",450400,"云盖小学","2496A",111.3178,23.475
"广西","梧州",450400,"龙圩","2497A",111.2353,23.415
"广西","梧州",450400,"龙新","2498A",111.26,23.4794
"广西","北海",450500,"牛尾岭水库","1866A",109.2256,21.5958
"广西","北海",450500,"海滩公园","1867A",109.1436,21.4086
"广西","北海",450500,"新市环保局","1868A",109.0981,21.4661
"广西","北海",450500,"北海工业园","1869A",109.1778,21.5233
"广西","防城港",450600,"沙万","2499A",108.3411,21.6158
"广西","防城港",450600,"防城镇政府","2500A",108.3511,21.7631
"广西","防城港",450600,"大海花园","2501A",108.3506,21.6414
"广西","钦州",450700,"市环保站","2502A",108.6236,21.9667
"广西","钦州",450700,"市农科院","2503A",108.6553,21.9508
"广西","钦州",450700,"港区一小","2504A",108.5989,21.7431
"广西","贵港",450800,"德智高中","2505A",109.5681,23.1478
"广西","贵港",450800,"江南子站","2506A",109.6042,23.0672
"广西","贵港",450800,"贵城子站","2507A",109.6014,23.0944
"广西","贵港",450800,"荷城子站","2508A",109.5683,23.1036
"广西","玉林",450900,"寒山水库","2509A",110.1106,22.7019
"广西","玉林",450900,"市监测站","2510A",110.1675,22.6411
"广西","玉林",450900,"南江一中","2511A",110.1433,22.6164
"广西","百色",451000,"市监测站","2512A",106.6103,23.9011
"广西","百色",451000,"市中心血站","2513A",106.6527,23.8844
"广西","贺州",451100,"环保小区","2514A",111.5269,24.4175
"广西","贺州",451100,"政协大楼","2515A",111.5622,24.4072
"广西","河池",451200,"东仁乐园","2516A",108.2134,24.7121
"广西","河池",451200,"市环保站","2517A",108.054,24.6928
"广西","河池",451200,"市疾控中心","2518A",108.1009,24.6967
"广西","来宾",451300,"来宾二中","2519A",109.2131,23.7208
"广西","来宾",451300,"来冶招待所","2520A",109.2317,23.7369
"广西","崇左",451400,"市环保局江州分局","2521A",107.3476,22.4137
"广西","崇左",451400,"城南新区","2522A",107.3701,22.3708
"新疆","乌鲁木齐",650100,"监测站","1490A",87.5801,43.8303
"新疆","乌鲁木齐",650100,"收费所","1491A",87.6046,43.768
"新疆","乌鲁木齐",650100,"新疆农科院农场","1492A",87.4754,43.9469
"新疆","乌鲁木齐",650100,"铁路局","1493A",87.5525,43.8711
"新疆","乌鲁木齐",650100,"三十一中学","1494A",87.6432,43.831
"新疆","乌鲁木齐",650100,"七十四中学","1495A",87.4171,43.8729
"新疆","乌鲁木齐",650100,"米东区环保局","1496A",87.6444,43.962
"新疆","克拉玛依",650200,"长征新村","1951A",84.8861,45.6033
"新疆","克拉玛依",650200,"南林小区","1952A",84.8897,45.5828
"新疆","克拉玛依",650200,"白碱滩区","1953A",85.1186,45.6886
"新疆","克拉玛依",650200,"独山子区","1954A",84.8983,44.3336
"新疆","克拉玛依",650200,"乌尔禾区商贸楼","1955A",85.6931,46.0872
"新疆","吐鲁番地区",652100,"市环保局","2686A",89.191,42.9409
"新疆","吐鲁番地区",652100,"地区环保局","2687A",89.1673,42.9559
"新疆","哈密地区",652200,"地区监测站","2688A",93.5128,42.8172
"新疆","哈密地区",652200,"哈密师范学校","2689A",93.4961,42.8328
"新疆","昌吉州",652300,"天山天池","2690A",87.9897,44.1564
"新疆","昌吉州",652300,"州监测站","2691A",87.2997,44.0114
"新疆","昌吉州",652300,"新区政务中心","2692A",87.2717,44.0297
"新疆","博州",652700,"博乐市西郊区","2693A",82.0485,44.9079
"新疆","博州",652700,"市环保局","2694A",82.0806,44.8969
"新疆","库尔勒",652800,"孔雀公园","1956A",86.1461,41.7511
"新疆","库尔勒",652800,"棉纺厂","1957A",86.2022,41.7192
"新疆","库尔勒",652800,"经济开发区","1958A",86.2381,41.7128
"新疆","阿克苏地区",652900,"电视台","2695A",80.2828,41.1636
"新疆","阿克苏地区",652900,"艺术中心","2696A",80.2956,41.1933
"新疆","克州",653000,"市人民政府","2697A",76.1861,39.7153
"新疆","喀什地区",653100,"巡警大队","2698A",75.9828,39.5371
"新疆","喀什地区",653100,"吾办","2699A",75.9771,39.4699
"新疆","喀什地区",653100,"市环境监测站","2700A",75.9435,39.4365
"新疆","和田地区",653200,"地区站","2701A",79.9485,37.1152
"新疆","和田地区",653200,"古江巴格乡院内","2702A",79.9117,37.1013
"新疆","伊犁哈萨克州",654000,"市环保局","2703A",81.2815,43.9404
"新疆","伊犁哈萨克州",654000,"新政府片区","2704A",81.2867,43.895
"新疆","伊犁哈萨克州",654000,"第二水厂","2705A",81.3364,43.941
"新疆","塔城地区",654200,"东门外小游园","2706A",82.9994,46.7432
"新疆","阿勒泰地区",654300,"小东沟","2707A",88.1214,47.9047
"新疆","阿勒泰地区",654300,"市站","2708A",88.1267,47.8515
"新疆","石河子",659001,"艾青诗歌馆","2709A",86.0497,44.2967
"新疆","石河子",659001,"阳光学校","2710A",86.0697,44.3075
"新疆","五家渠",659004,"农水大厦","2711A",87.5475,44.1756
"江苏","南京",320100,"迈皋桥","1151A",118.803,32.1083
"江苏","南京",320100,"草场门","1152A",118.749,32.0572
"江苏","南京",320100,"山西路","1153A",118.778,32.0723
"江苏","南京",320100,"中华门","1154A",118.777,32.0144
"江苏","南京",320100,"瑞金路","1155A",118.803,32.0314
"江苏","南京",320100,"玄武湖","1156A",118.795,32.0775
"江苏","南京",320100,"浦口","1157A",118.626,32.0878
"江苏","南京",320100,"奥体中心","1158A",118.737,32.0092
"江苏","南京",320100,"仙林大学城","1159A",118.907,32.105
"江苏","无锡",320200,"雪浪","1188A",120.269,31.4867
"江苏","无锡",320200,"黄巷","1189A",120.275,31.6219
"江苏","无锡",320200,"曹张","1190A",120.294,31.56
"江苏","无锡",320200,"漆塘","1191A",120.242,31.5031
"江苏","无锡",320200,"东亭","1192A",120.354,31.5848
"江苏","无锡",320200,"旺庄","1193A",120.354,31.5475
"江苏","无锡",320200,"荣巷","1194A",120.245,31.5631
"江苏","无锡",320200,"堰桥","1195A",120.288,31.6842
"江苏","江阴",320281,"虹桥邮政","1999A",120.268,31.92
"江苏","江阴",320281,"五星公园","2000A",120.237,31.909
"江苏","江阴",320281,"第二实验小学","2001A",120.302,31.92
"江苏","宜兴",320282,"宜兴市环保局","2002A",119.818,31.354
"江苏","宜兴",320282,"宜园","2003A",119.794,31.371
"江苏","徐州",320300,"黄河新村","1177A",117.167,34.2761
"江苏","徐州",320300,"淮塔","1178A",117.192,34.2417
"江苏","徐州",320300,"铜山兽医院","1179A",117.192,34.3083
"江苏","徐州",320300,"新城区","1180A",117.256,34.2153
"江苏","徐州",320300,"桃园路","1181A",117.244,34.2911
"江苏","徐州",320300,"农科院","1182A",117.2933,34.2778
"江苏","徐州",320300,"铜山区环保局","1183A",117.166,34.1806
"江苏","常州",320400,"市监测站","1196A",119.996,31.7586
"江苏","常州",320400,"城建学校","1197A",119.933,31.7786
"江苏","常州",320400,"常工院","1198A",119.962,31.8089
"江苏","常州",320400,"潞城","1199A",120.0393,31.7638
"江苏","常州",320400,"武进监测站","1200A",119.935,31.7039
"江苏","常州",320400,"安家","1201A",119.905,31.9108
"江苏","溧阳",320481,"溧阳市东门子站","2006A",119.46,31.4
"江苏","溧阳",320481,"燕山子站","2007A",119.438,31.317
"江苏","金坛",320482,"金坛市环境监测站","2004A",119.579,31.751
"江苏","金坛",320482,"金坛市自来水公司","2005A",119.579,31.737
"江苏","苏州",320500,"上方山","1160A",120.561,31.2472
"江苏","苏州",320500,"南门","1161A",120.628,31.2864
"江苏","苏州",320500,"彩香","1162A",120.591,31.3019
"江苏","苏州",320500,"轧钢厂","1163A",120.596,31.3264
"江苏","苏州",320500,"吴中区","1164A",120.613,31.2703
"江苏","苏州",320500,"苏州新区","1165A",120.543,31.2994
"江苏","苏州",320500,"苏州工业园区","1166A",120.669,31.3097
"江苏","苏州",320500,"相城区","1167A",120.641,31.3708
"江苏","吴江",320509,"吴江市环保局","1985A",120.636,31.155
"江苏","吴江",320509,"教师进修学校","1986A",120.635,31.17
"江苏","吴江",320509,"吴江开发区","1987A",120.658,31.172
"江苏","常熟",320581,"海虞子站","1990A",120.758,31.67
"江苏","常熟",320581,"兴福子站","1991A",120.721,31.671
"江苏","常熟",320581,"菱塘子站","1992A",120.734,31.656
"江苏","张家港",320582,"张家港市监测站","1993A",120.526,31.874
"江苏","张家港",320582,"城北小学","1994A",120.55,31.882
"江苏","昆山",320583,"昆山实验小学","1988A",120.953,31.388
"江苏","昆山",320583,"震川中学","1989A",120.999,31.381
"江苏","太仓",320585,"太仓市监测站","1995A",121.115,31.453
"江苏","太仓",320585,"科教新城实小","1996A",121.14,31.422
"江苏","南通",320600,"南郊","1168A",120.913,31.96
"江苏","南通",320600,"虹桥","1169A",120.86,32.0005
"江苏","南通",320600,"城中","1170A",120.87,32.02
"江苏","南通",320600,"星湖花园","1171A",120.94,31.93
"江苏","南通",320600,"紫琅学院","1172A",120.81,32.0417
"江苏","海门",320684,"海门市监测站","2008A",121.173,31.896
"江苏","海门",320684,"蓓蕾幼儿园","2009A",121.154,31.896
"江苏","连云港",320700,"市环境监测站","1173A",119.176,34.5885
"江苏","连云港",320700,"洪门派出所","1174A",119.141,34.5896
"江苏","连云港",320700,"墟沟核电专家村","1175A",119.368,34.7507
"江苏","连云港",320700,"开发区恒瑞医药公司","1176A",119.348,34.6984
"江苏","淮安",320800,"钵池山","1210A",119.036,33.5981
"江苏","淮安",320800,"北京南路","1211A",119.007,33.575
"江苏","淮安",320800,"市监测站","1212A",118.989,33.6067
"江苏","淮安",320800,"楚州区监测站","1213A",119.135,33.5039
"江苏","淮安",320800,"淮阴区监测站","1214A",119.0122,33.627
"江苏","盐城",320900,"盐城电厂","1215A",120.118,33.4022
"江苏","盐城",320900,"市监测站","1216A",120.156,33.3942
"江苏","盐城",320900,"文峰中学","1217A",120.129,33.3719
"江苏","盐城",320900,"开发区管委会","1218A",120.225,33.3947
"江苏","扬州",321000,"城东财政所","1184A",119.46,32.3878
"江苏","扬州",321000,"市监测站","1185A",119.404,32.41
"江苏","扬州",321000,"邗江监测站","1186A",119.389,32.3761
"江苏","扬州",321000,"第四医院","1187A",119.439,32.4033
"江苏","镇江",321100,"新区办事处","1203A",119.68,32.1883
"江苏","镇江",321100,"职教中心","1204A",119.491,32.215
"江苏","镇江",321100,"丹徒区监测站","1205A",119.43,32.1319
"江苏","镇江",321100,"市疾控中心","2870A",119.4369444,32.18888889
"江苏","句容",321183,"消防指挥中心","1997A",119.146,31.955
"江苏","句容",321183,"房家坝","1998A",119.18,31.955
"江苏","泰州",321200,"公园路","1206A",119.9,32.4867
"江苏","泰州",321200,"莲花","1207A",119.9219,32.4611
"江苏","泰州",321200,"高港区政府","1208A",119.882,32.303
"江苏","泰州",321200,"留学生创业园","1209A",119.888,32.4639
"江苏","宿迁",321300,"市监测站","1219A",118.2658,33.96
"江苏","宿迁",321300,"宿迁学院","1220A",118.293,33.9528
"江苏","宿迁",321300,"宿迁中学","1221A",118.2442,33.9592
"江苏","宿迁",321300,"宿豫区环保局","1222A",118.3214,33.9506
"江西","南昌",360100,"省外办","1290A",115.893,28.6844
"江西","南昌",360100,"省林业公司","1291A",115.8886,28.6839
"江西","南昌",360100,"林科所","1292A",115.813,28.7442
"江西","南昌",360100,"京东镇政府","1293A",115.973,28.6969
"江西","南昌",360100,"建工学校","1294A",115.852,28.6869
"江西","南昌",360100,"象湖","1295A",115.892,28.6425
"江西","南昌",360100,"武术学校","1296A",115.742,28.7994
"江西","南昌",360100,"石化","1297A",115.912,28.6131
"江西","南昌",360100,"省站","1298A",115.931,28.6844
"江西","景德镇",360200,"王岗中学","2342A",117.3097,29.3864
"江西","景德镇",360200,"老干部活动中心","2343A",117.2111,29.2958
"江西","景德镇",360200,"兽医站","2344A",117.1983,29.2786
"江西","景德镇",360200,"台达陶瓷","2345A",117.1558,29.2647
"江西","景德镇",360200,"陶研所","2346A",117.2461,29.2956
"江西","萍乡",360300,"武功山气象站","2347A",114.0944,27.4948
"江西","萍乡",360300,"中医院","2348A",113.8381,27.6428
"江西","萍乡",360300,"市政府车库","2349A",113.8447,27.6231
"江西","萍乡",360300,"市环保局","2350A",113.8686,27.6442
"江西","萍乡",360300,"安源区政府","2351A",113.865,27.6178
"江西","九江",360400,"十里","1803A",115.9872,29.6816
"江西","九江",360400,"茅山头","1804A",115.9581,29.7048
"江西","九江",360400,"西园","1805A",115.988,29.7292
"江西","九江",360400,"五七二七厂","1806A",116.0174,29.6535
"江西","九江",360400,"水科所","1807A",116.0628,29.6926
"江西","九江",360400,"综合工业园","1808A",115.9114,29.6039
"江西","九江",360400,"石化总厂","1809A",116.0726,29.7534
"江西","九江",360400,"庐山气象台","1810A",115.9936,29.5867
"江西","新余",360500,"北岗","2352A",115.0586,27.7758
"江西","新余",360500,"飞宇","2353A",114.9831,27.8344
"江西","新余",360500,"第二水厂","2354A",114.9289,27.8328
"江西","新余",360500,"市气象局","2355A",114.9314,27.8036
"江西","新余",360500,"新钢氧气厂","2356A",114.9119,27.8042
"江西","鹰潭",360600,"龙虎山","2357A",116.9622,28.095
"江西","鹰潭",360600,"新监测站","2358A",117.0564,28.2642
"江西","鹰潭",360600,"财苑宾馆","2359A",117.0281,28.2403
"江西","鹰潭",360600,"体育馆","2360A",117.0222,28.2264
"江西","鹰潭",360600,"三川水表","2361A",116.9983,28.2169
"江西","赣州",360700,"通天岩","2362A",114.9064,25.9118
"江西","赣州",360700,"地委","2363A",114.9367,25.8664
"江西","赣州",360700,"气象台","2364A",114.9461,25.8481
"江西","赣州",360700,"市图书馆","2365A",114.9322,25.8333
"江西","赣州",360700,"华坚鞋城","2366A",114.8905,25.8471
"江西","吉安",360800,"红声器材厂","2367A",114.9817,27.0658
"江西","吉安",360800,"市森林工业局","2368A",114.9739,27.11
"江西","吉安",360800,"市环境监测站","2369A",114.99,27.1311
"江西","吉安",360800,"青原区法院","2370A",115.0075,27.0983
"江西","宜春",360900,"槟榔水业","2371A",114.3442,27.8036
"江西","宜春",360900,"市中国银行","2372A",114.3806,27.8014
"江西","宜春",360900,"市石油公司","2373A",114.3953,27.7842
"江西","宜春",360900,"市气象局","2374A",114.3703,27.7914
"江西","宜春",360900,"市广电局","2375A",114.4011,27.8072
"江西","抚州",361000,"桐源党溪","2376A",116.2239,28.0797
"江西","抚州",361000,"市站","2377A",116.3553,27.9883
"江西","抚州",361000,"血防站","2378A",116.3598,27.9639
"江西","抚州",361000,"采茶剧团","2379A",116.3574,28.0005
"江西","抚州",361000,"医学分院","2380A",116.385,27.9647
"江西","上饶",361100,"百草园","2381A",118.0058,28.4569
"江西","上饶",361100,"市监测站","2382A",117.973,28.4459
"江西","上饶",361100,"凤凰光学","2383A",117.9511,28.4622
"江西","上饶",361100,"开发区管委会","2384A",117.9033,28.4303
"河北","石家庄",130100,"职工医院","1029A",114.4548,38.0513
"河北","石家庄",130100,"高新区","1030A",114.6046,38.0398
"河北","石家庄",130100,"西北水源","1031A",114.5019,38.1398
"河北","石家庄",130100,"西南高教","1032A",114.4586111,38.00583333
"河北","石家庄",130100,"世纪公园","1033A",114.5330556,38.01777778
"河北","石家庄",130100,"人民会堂","1034A",114.5214,38.0524
"河北","石家庄",130100,"封龙山","1035A",114.3541,37.9097
"河北","石家庄",130100,"22中南校区","2862A",114.5480556,38.03777778
"河北","唐山",130200,"供销社","1036A",118.1662,39.6308
"河北","唐山",130200,"雷达站","1037A",118.144,39.643
"河北","唐山",130200,"物资局","1038A",118.1853,39.6407
"河北","唐山",130200,"陶瓷公司","1039A",118.2185,39.6679
"河北","唐山",130200,"十二中","1040A",118.1838,39.65782
"河北","唐山",130200,"小山","1041A",118.1997,39.6295
"河北","秦皇岛",130300,"北戴河环保局","1042A",119.5259,39.8283
"河北","秦皇岛",130300,"第一关","1043A",119.7624,40.0181
"河北","秦皇岛",130300,"监测站","1044A",119.6023,39.9567
"河北","秦皇岛",130300,"市政府","1045A",119.607,39.9358
"河北","秦皇岛",130300,"建设大厦","1046A",119.5369,39.9419
"河北","邯郸",130400,"环保局","1047A",114.5129,36.61763
"河北","邯郸",130400,"东污水处理厂","1048A",114.5426,36.6164
"河北","邯郸",130400,"矿院","1049A",114.5035,36.5776
"河北","邯郸",130400,"丛台公园","1050A",114.4965,36.61981
"河北","邢台",130500,"达活泉","1077A",114.4821,37.0967
"河北","邢台",130500,"邢师高专","1078A",114.5261,37.0533
"河北","邢台",130500,"路桥公司","1079A",114.5331,37.0964
"河北","邢台",130500,"市环保局","1080A",114.4854,37.062
"河北","保定",130600,"游泳馆","1051A",115.493,38.8632
"河北","保定",130600,"华电二区","1052A",115.5223,38.8957
"河北","保定",130600,"接待中心","1053A",115.4713,38.9108
"河北","保定",130600,"地表水厂","1054A",115.4612,38.8416
"河北","保定",130600,"胶片厂","1055A",115.442,38.8756
"河北","保定",130600,"监测站","1056A",115.5214,38.8707
"河北","承德",130800,"铁路","1062A",117.9664,40.9161
"河北","承德",130800,"中国银行","1063A",117.9525,40.9843
"河北","承德",130800,"开发区","1064A",117.963,40.9359
"河北","承德",130800,"文化中心","1065A",117.8184,40.9733
"河北","承德",130800,"离宫","1066A",117.9384,41.0112
"河北","沧州",130900,"沧县城建局","1071A",116.8854,38.2991
"河北","沧州",130900,"电视转播站","1072A",116.8584,38.3254
"河北","沧州",130900,"市环保局","1073A",116.8709,38.3228
"河北","廊坊",131000,"药材公司","1067A",116.6838,39.5178
"河北","廊坊",131000,"开发区","1068A",116.7729,39.5747
"河北","廊坊",131000,"环境监测监理中心","1069A",116.715,39.5571
"河北","廊坊",131000,"北华航天学院","1070A",116.7464,39.5343
"河北","廊坊",131000,"河北工业大学","2919A",116.7022,39.5453
"河北","衡水",131100,"电机北厂","1074A",115.6951,37.7575
"河北","衡水",131100,"市监测站","1075A",115.6426,37.7379
"河北","衡水",131100,"市环保局","1076A",115.6906,37.739
"河北","张家口",131200,"人民公园","1057A",114.8985,40.8367
"河北","张家口",131200,"探机厂","1058A",114.892,40.79481
"河北","张家口",131200,"五金库","1059A",114.8814,40.8115
"河北","张家口",131200,"世纪豪园","1060A",114.9032,40.7688
"河北","张家口",131200,"北泵房","1061A",114.904,40.8725
"河南","郑州",410100,"烟厂","1316A",113.681,34.7545
"河南","郑州",410100,"郑纺机","1317A",113.641,34.7745
"河南","郑州",410100,"银行学校","1318A",113.675,34.8019
"河南","郑州",410100,"供水公司","1319A",113.564,34.802
"河南","郑州",410100,"经开区管委","1320A",113.727,34.7187
"河南","郑州",410100,"四十七中","1321A",113.734,34.719
"河南","郑州",410100,"市监测站","1322A",113.5991,34.7496
"河南","郑州",410100,"河医大","1323A",113.6356,34.7538
"河南","郑州",410100,"岗李水库","1324A",113.6113,34.9162
"河南","开封",410200,"河大一附院","1823A",114.3406,34.8022
"河南","开封",410200,"肿瘤医院","1824A",114.3389,34.7781
"河南","开封",410200,"妇幼保健院","1825A",114.3733,34.7975
"河南","开封",410200,"世纪星幼儿园","1826A",114.2886,34.7967
"河南","洛阳",410300,"中信二小","1811A",112.3628,34.6692
"河南","洛阳",410300,"市委党校","1812A",112.3939,34.6511
"河南","洛阳",410300,"市监测站","1813A",112.4333,34.67
"河南","洛阳",410300,"豫西宾馆","1814A",112.4664,34.6869
"河南","洛阳",410300,"河南林校","1815A",112.4831,34.6869
"河南","洛阳",410300,"开发区管委会","1816A",112.3844,34.6231
"河南","洛阳",410300,"市委新办公区","1817A",112.4275,34.6258
"河南","平顶山",410400,"高压开关厂","1831A",113.3064,33.7214
"河南","平顶山",410400,"新华旅馆","1832A",113.322,33.721
"河南","平顶山",410400,"规划设计院","1833A",113.292,33.739
"河南","平顶山",410400,"平顶山工学院","1834A",113.182,33.737
"河南","安阳",410500,"棉研所","1818A",114.483,36.061
"河南","安阳",410500,"红庙街","1819A",114.32,36.086
"河南","安阳",410500,"银杏小区","1820A",114.358,36.087
"河南","安阳",410500,"环保局","1821A",114.3931,36.0883
"河南","安阳",410500,"铁佛寺","1822A",114.286,36.11
"河南","鹤壁",410600,"市监测站","2385A",114.17,35.9019
"河南","鹤壁",410600,"市交警支队","2386A",114.2956,35.7511
"河南","鹤壁",410600,"迎宾馆","2387A",114.2878,35.7306
"河南","新乡",410700,"科技学院","2388A",113.926,35.279
"河南","新乡",410700,"环保西院","2389A",113.836,35.31
"河南","新乡",410700,"开发区","2390A",113.884,35.272
"河南","新乡",410700,"环保东院","2391A",113.883,35.303
"河南","焦作",410800,"市监测站","1827A",113.261,35.235
"河南","焦作",410800,"市环保局","1828A",113.227,35.213
"河南","焦作",410800,"高新区政府","1829A",113.2464,35.1764
"河南","焦作",410800,"影视城","1830A",113.1992,35.259
"河南","濮阳",410900,"环保局","2392A",115.031,35.763
"河南","濮阳",410900,"紭天威","2393A",114.9906,35.767
"河南","濮阳",410900,"油田运输公司","2394A",115.0628,35.7672
"河南","濮阳",410900,"油田物探公司","2395A",115.0772,35.767
"河南","许昌",411000,"监测站","2396A",113.8331,34.0117
"河南","许昌",411000,"环保局","2397A",113.8208,34.0314
"河南","许昌",411000,"开发区","2398A",113.7906,33.9953
"河南","漯河",411100,"三五一五工厂","2399A",114.056,33.567
"河南","漯河",411100,"漯河大学","2400A",114.005,33.568
"河南","漯河",411100,"水利局","2401A",114.014,33.581
"河南","漯河",411100,"广电局","2402A",114.0322,33.5653
"河南","三门峡",411200,"市政府","1835A",111.1928,34.7772
"河南","三门峡",411200,"开发区","1836A",111.158,34.794
"河南","三门峡",411200,"二  印","1837A",111.1858,34.7917
"河南","三门峡",411200,"风景区","1838A",111.1489,34.7997
"河南","南阳",411300,"环保局","2403A",112.5192,32.9917
"河南","南阳",411300,"瓦房庄","2404A",112.5224,33.0122
"河南","南阳",411300,"汉画馆","2405A",112.5003,32.9735
"河南","南阳",411300,"气象站","2406A",112.5573,33.027
"河南","南阳",411300,"理工学院","2407A",112.55,32.9683
"河南","商丘",411400,"环境监测站","2408A",115.6697,34.4286
"河南","商丘",411400,"粮食局","2409A",115.6558,34.429
"河南","商丘",411400,"睢阳区环保局","2410A",115.6386,34.407
"河南","商丘",411400,"第三人民医院","2411A",115.6578,34.402
"河南","信阳",411500,"平桥分局","2054A",114.1044,32.1078
"河南","信阳",411500,"南湾水厂","2064A",114.0122,32.1403
"河南","信阳",411500,"市酿酒公司","2065A",114.0681,32.1342
"河南","信阳",411500,"审计局","2066A",114.0614,32.1383
"河南","周口",411600,"市环境监测站","2067A",114.6613,33.6128
"河南","周口",411600,"周口师范","2068A",114.6758,33.6347
"河南","周口",411600,"市运管处","2069A",114.6546,33.5979
"河南","周口",411600,"川汇区环保局","2070A",114.6369,33.6406
"河南","驻马店",411700,"市一纸厂","2420A",114.018,32.965
"河南","驻马店",411700,"市彩印厂","2421A",114.0131,33.0069
"河南","驻马店",411700,"天方二分厂","2422A",113.996,32.996
"浙江","杭州",330100,"滨江","1223A",120.211,30.21
"浙江","杭州",330100,"西溪","1224A",120.063,30.2747
"浙江","杭州",330100,"千岛湖","1225A",119.026,29.635
"浙江","杭州",330100,"下沙","1226A",120.348,30.3058
"浙江","杭州",330100,"卧龙桥","1227A",120.127,30.2456
"浙江","杭州",330100,"浙江农大","1228A",120.19,30.2692
"浙江","杭州",330100,"朝晖五区","1229A",120.157,30.2897
"浙江","杭州",330100,"和睦小学","1230A",120.12,30.3119
"浙江","杭州",330100,"临平镇","1231A",120.301,30.4183
"浙江","杭州",330100,"城厢镇","1232A",120.27,30.1819
"浙江","杭州",330100,"云栖","1233A",120.088,30.1808
"浙江","富阳",330183,"监测站","2012A",119.954,30.054
"浙江","富阳",330183,"富春二小","2013A",119.946,30.049
"浙江","临安",330185,"市政府","2010A",119.7183,30.2366
"浙江","临安",330185,"四中","2011A",119.6942,30.2311
"浙江","宁波",330200,"区环保大楼","1234A",121.836,29.9108
"浙江","宁波",330200,"万里学院","1235A",121.56,29.8208
"浙江","宁波",330200,"龙赛医院","1236A",121.713,29.9572
"浙江","宁波",330200,"三江中学","1237A",121.554,29.8906
"浙江","宁波",330200,"钱湖水厂","1239A",121.633,29.7736
"浙江","宁波",330200,"太古小学","1240A",121.586,29.8633
"浙江","宁波",330200,"市环境监测中心","1241A",121.524,29.8506
"浙江","宁波",330200,"万里国际学校","2871A",121.6147222,29.90166667
"浙江","温州",330300,"瓯海","1242A",120.634,28.0089
"浙江","温州",330300,"南浦","1243A",120.677,27.9939
"浙江","温州",330300,"龙湾","1244A",120.76,27.9747
"浙江","温州",330300,"市站","1245A",120.671,28.0167
"浙江","嘉兴",330400,"清河小学","1252A",120.744,30.7946
"浙江","嘉兴",330400,"嘉兴学院","1253A",120.726,30.7478
"浙江","嘉兴",330400,"南湖区残联","2872A",120.7844444,30.7525
"浙江","湖州",330500,"城西水厂","1250A",120.07,30.8244
"浙江","湖州",330500,"吉山新村","1251A",120.093,30.8617
"浙江","湖州",330500,"仁皇山新区","2873A",120.0875,30.89556
"浙江","湖州",330500,"吴兴区站","2907A",120.1844,30.8596
"浙江","诸暨",330681,"图书馆","2016A",120.251,29.719
"浙江","诸暨",330681,"富林印务","2017A",120.209,29.732
"浙江","金华",330700,"四中","1261A",119.649,29.1131
"浙江","金华",330700,"十五中","1262A",119.647,29.077
"浙江","金华",330700,"监测站","1263A",119.686,29.1029
"浙江","义乌",330782,"江东","2014A",120.091,29.305
"浙江","义乌",330782,"北苑","2015A",120.04,29.334
"浙江","衢州",330800,"环保大楼","1264A",118.871,28.9404
"浙江","衢州",330800,"实验学校","1265A",118.871,28.9664
"浙江","衢州",330800,"衢州学院","1266A",118.855,28.9745
"浙江","舟山",330900,"定海檀枫","1258A",122.122,30.0203
"浙江","舟山",330900,"普陀东港","1259A",122.3094,29.9558
"浙江","舟山",330900,"临城新区","1260A",122.19,29.9944
"浙江","台州",331000,"黄岩环保大楼","1255A",121.273,28.6459
"浙江","台州",331000,"台州环保大楼","1256A",121.419,28.6542
"浙江","台州",331000,"路桥田洋王","1257A",121.377,28.5773
"浙江","丽水",331100,"监测站大楼","1267A",119.914,28.4514
"浙江","丽水",331100,"莲都小学","1268A",119.93,28.4586
"浙江","丽水",331100,"余庄前","1269A",119.879,28.4231
"浙江","绍兴",331300,"袍江站","1246A",120.598,30.0911
"浙江","绍兴",331300,"城东开发委","1247A",120.605,29.9919
"浙江","绍兴",331300,"市环保站","1248A",120.576,30.007
"浙江","绍兴",331300,"树下王站","2921A",120.7789,30.0033
"海南","海口",460100,"东寨港","1409A",110.576,19.9507
"海南","海口",460100,"海南大学","1410A",110.3232,20.0574
"海南","海口",460100,"秀英海南医院","1411A",110.283,20.0053
"海南","海口",460100,"海南师范大学","1412A",110.338,19.9969
"海南","海口",460100,"龙华路环保局宿舍","1413A",110.33,20.0356
"海南","三亚",460200,"河东子站","1876A",109.5078,18.2489
"海南","三亚",460200,"河西子站","1877A",109.4964,18.2681
"湖北","武汉",420100,"东湖梨园","1325A",114.3672,30.5719
"湖北","武汉",420100,"汉阳月湖","1326A",114.2511,30.5514
"湖北","武汉",420100,"汉口花桥","1327A",114.2836,30.6197
"湖北","武汉",420100,"武昌紫阳","1328A",114.3006,30.5494
"湖北","武汉",420100,"青山钢花","1329A",114.4272,30.6103
"湖北","武汉",420100,"沌口新区","1330A",114.1525,30.4753
"湖北","武汉",420100,"汉口江滩","1331A",114.3008,30.5947
"湖北","武汉",420100,"东湖高新","1332A",114.3894,30.4822
"湖北","武汉",420100,"吴家山","1333A",114.2131,30.6414
"湖北","武汉",420100,"沉湖七壕","1334A",113.8531,30.2997
"湖北","黄石",420200,"沈家营","2423A",115.0625,30.2352
"湖北","黄石",420200,"陈家湾","2424A",115.0767,30.2028
"湖北","黄石",420200,"新下陆","2425A",114.9551,30.1765
"湖北","黄石",420200,"铁山","2426A",114.8949,30.2043
"湖北","黄石",420200,"经济开发区","2427A",115.0264,30.2099
"湖北","十堰",420300,"武当山","2428A",111.0419,32.395
"湖北","十堰",420300,"滨河新村","2429A",110.78,32.6494
"湖北","十堰",420300,"刘家沟","2430A",110.7258,32.6389
"湖北","十堰",420300,"铁二处","2431A",110.8839,32.5714
"湖北","宜昌",420500,"四零三","1839A",111.3009,30.7157
"湖北","宜昌",420500,"白龙岗","1840A",111.2992,30.698
"湖北","宜昌",420500,"伍家岗","1841A",111.3549,30.6463
"湖北","宜昌",420500,"点军区","1842A",111.268,30.696
"湖北","宜昌",420500,"夷陵区","1843A",111.3296,30.7819
"湖北","襄阳",420600,"襄城运动路","2432A",112.155,32.0197
"湖北","襄阳",420600,"樊城新华路","2433A",112.1392,32.0564
"湖北","襄阳",420600,"高新管委会","2434A",112.1825,32.1142
"湖北","襄阳",420600,"襄州航空路","2435A",112.2106,32.0903
"湖北","鄂州",420700,"市政府","2436A",114.8878,30.3944
"湖北","鄂州",420700,"赵家坝","2437A",114.8989,30.3714
"湖北","鄂州",420700,"凡口开发区","2438A",114.8131,30.4133
"湖北","荆门",420800,"竹园小学","2439A",112.2014,31.0483
"湖北","荆门",420800,"掇刀","2440A",112.1969,30.9892
"湖北","荆门",420800,"石化一小","2441A",112.2211,31.0386
"湖北","荆门",420800,"市政府","2442A",112.1931,31.0375
"湖北","孝感",420900,"文化路","2443A",113.9153,30.9285
"湖北","孝感",420900,"东城区","2444A",113.942,30.9075
"湖北","荆州",421000,"市图书馆","1844A",112.2551,30.3175
"湖北","荆州",421000,"市委党校","1845A",112.2068,30.3515
"湖北","荆州",421000,"科融环保","1846A",112.2887,30.3055
"湖北","黄冈",421100,"大洲岛","2445A",114.8857,30.4522
"湖北","黄冈",421100,"职工中心","2446A",114.9028,30.4742
"湖北","咸宁",421200,"森林公园","2447A",114.3036,29.8181
"湖北","咸宁",421200,"市发改委","2448A",114.3231,29.8211
"湖北","咸宁",421200,"咸安区政府","2449A",114.2894,29.8539
"湖北","咸宁",421200,"长江产业园","2450A",114.3372,29.8686
"湖北","随州",421300,"市委党校","2451A",113.3583,31.7275
"湖北","随州",421300,"市林业局","2452A",113.3833,31.6908
"湖北","随州",421300,"市立交桥水厂","2453A",113.3983,31.7308
"湖北","恩施州",422800,"湖北民院","2454A",109.5039,30.2989
"湖北","恩施州",422800,"州电力总公司","2455A",109.4689,30.2819
"湖南","长沙",430100,"经开区环保局","1335A",113.0833,28.2325
"湖南","长沙",430100,"高开区环保局","1336A",112.8872,28.2189
"湖南","长沙",430100,"马坡岭","1337A",113.0792,28.2053
"湖南","长沙",430100,"湖南师范大学","1338A",112.9394,28.19
"湖南","长沙",430100,"雨花区环保局","1339A",112.9956,28.1442
"湖南","长沙",430100,"伍家岭","1340A",112.9792,28.2597
"湖南","长沙",430100,"火车新站","1341A",113.0014,28.1944
"湖南","长沙",430100,"天心区环保局","1342A",112.9844,28.1178
"湖南","长沙",430100,"湖南中医药大学","1343A",112.8908,28.1308
"湖南","长沙",430100,"沙坪","1344A",112.9958,28.3586
"湖南","株洲",430200,"天台山庄","1515A",113.135,27.8244
"湖南","株洲",430200,"株冶医院","1518A",113.095,27.8867
"湖南","株洲",430200,"市四中","1519A",113.167,27.8667
"湖南","株洲",430200,"火车站","1520A",113.143,27.8381
"湖南","株洲",430200,"市监测站","1524A",113.13,27.8528
"湖南","株洲",430200,"大京风景区","1559A",113.251,27.8336
"湖南","株洲",430200,"云田中学","2031A",113.1817,27.9958
"湖南","湘潭",430300,"板塘","1508A",112.9433,27.8614
"湖南","湘潭",430300,"市监测站","1511A",112.9118,27.8403
"湖南","湘潭",430300,"江麓","1512A",112.8937,27.8728
"湖南","湘潭",430300,"岳塘","1513A",112.9227,27.8159
"湖南","湘潭",430300,"科大","1514A",112.9074,27.9119
"湖南","湘潭",430300,"昭山","1562A",113.0048,27.9153
"湖南","湘潭",430300,"韶山","1564A",112.4876,27.9164
"湖南","衡阳",430400,"原169医院","2456A",112.5328,26.9089
"湖南","衡阳",430400,"衡阳化工总厂","2457A",112.6194,26.9258
"湖南","衡阳",430400,"珠晖区环保局","2458A",112.6211,26.8956
"湖南","衡阳",430400,"市委党校","2459A",112.6197,26.8733
"湖南","衡阳",430400,"市监测站","2460A",112.6006,26.8919
"湖南","衡阳",430400,"真空机电公司","2461A",112.5664,26.9056
"湖南","邵阳",430500,"市水土所","2462A",111.5239,27.3033
"湖南","邵阳",430500,"市一中","2463A",111.4733,27.2317
"湖南","邵阳",430500,"市化工厂","2464A",111.4908,27.2582
"湖南","邵阳",430500,"市罐头厂","2465A",111.4503,27.2537
"湖南","邵阳",430500,"市环保局","2466A",111.4328,27.2272
"湖南","岳阳",430600,"南湖风景区","1847A",113.1094,29.3578
"湖南","岳阳",430600,"城陵矶","1848A",113.1493,29.4251
"湖南","岳阳",430600,"开发区","1849A",113.1772,29.3678
"湖南","岳阳",430600,"云溪区","1850A",113.2621,29.4758
"湖南","岳阳",430600,"君山区","1851A",112.9943,29.4402
"湖南","岳阳",430600,"金凤水库","1852A",113.2117,29.355
"湖南","常德",430700,"市监测站","1853A",111.7044,29.0244
"湖南","常德",430700,"市二中","1854A",111.6975,28.9703
"湖南","常德",430700,"鼎城区环保局","1855A",111.6753,29.0239
"湖南","常德",430700,"市技术监督局","1856A",111.6794,29.0381
"湖南","常德",430700,"白鹤山","1857A",111.7158,29.1456
"湖南","张家界",430800,"永定新区","1858A",110.48,29.1389
"湖南","张家界",430800,"电业局","1859A",110.4697,29.1242
"湖南","张家界",430800,"未央路","1860A",110.5594,29.3547
"湖南","张家界",430800,"袁家界","1861A",110.4417,29.315
"湖南","益阳",430900,"甘溪港","2467A",112.4067,28.6428
"湖南","益阳",430900,"市环保局","2468A",112.3458,28.5808
"湖南","益阳",430900,"市特殊教育学校","2469A",112.3439,28.56
"湖南","益阳",430900,"资阳区政务中心","2470A",112.3347,28.6047
"湖南","益阳",430900,"赫山环保分局","2471A",112.3744,28.5819
"湖南","郴州",431000,"马头岭","2472A",113.0073,25.9061
"湖南","郴州",431000,"市职中","2473A",113.0116,25.8226
"湖南","郴州",431000,"兴隆步行街","2474A",113.0119,25.8179
"湖南","郴州",431000,"市审计局","2475A",113.0383,25.8071
"湖南","郴州",431000,"市环保局","2476A",113.0348,25.7759
"湖南","永州",431100,"零陵南津渡","2477A",111.6217,26.2081
"湖南","永州",431100,"市环境监测站","2478A",111.6156,26.4214
"湖南","永州",431100,"零陵区环保局","2479A",111.6236,26.2331
"湖南","永州",431100,"永州市环保局","2480A",111.5992,26.4364
"湖南","永州",431100,"冷水滩区环保局","2481A",111.5989,26.4519
"湖南","怀化",431200,"林科所","2482A",109.9333,27.5733
"湖南","怀化",431200,"河西地税局","2483A",109.9453,27.5444
"湖南","怀化",431200,"市四医院","2484A",109.9792,27.5342
"湖南","怀化",431200,"监测楼","2485A",109.9972,27.5578
"湖南","怀化",431200,"市委党校","2486A",110.0394,27.583
"湖南","娄底",431300,"电视发射台","2487A",111.9975,27.725
"湖南","娄底",431300,"市监测站","2488A",111.9975,27.725
"湖南","娄底",431300,"市委党校","2489A",112.0194,27.7314
"湖南","娄底",431300,"涟钢","2490A",111.9561,27.7569
"湖南","娄底",431300,"市政府","2491A",111.9892,27.7044
"湖南","湘西州",433100,"跃进水库","2492A",109.6414,28.2558
"湖南","湘西州",433100,"州政府","2493A",109.7325,28.3169
"湖南","湘西州",433100,"吉首市计生局","2494A",109.6958,28.2675
"甘肃","兰州",620100,"职工医院","1475A",103.712,36.0756
"甘肃","兰州",620100,"兰炼宾馆","1476A",103.631,36.1031
"甘肃","兰州",620100,"榆中兰大校区","1477A",104.148,35.94
"甘肃","兰州",620100,"生物制品所","1478A",103.841,36.0725
"甘肃","兰州",620100,"铁路设计院","1479A",103.831,36.0464
"甘肃","嘉峪关",620200,"气象局","1945A",98.2908,39.7711
"甘肃","嘉峪关",620200,"酒钢宾馆","2884A",98.26722222,39.79777778
"甘肃","金昌",620300,"市科委","1942A",102.1878,38.5247
"甘肃","金昌",620300,"新川苑","1943A",102.1725,38.5339
"甘肃","金昌",620300,"公司二招","1944A",102.1708,38.5061
"甘肃","白银",620400,"豫源饭店","2647A",104.1731,36.5458
"甘肃","白银",620400,"动力公司","2648A",104.1731,36.5481
"甘肃","天水",620500,"仙人崖","2649A",106.005,34.3469
"甘肃","天水",620500,"进步巷","2650A",105.7281,34.5814
"甘肃","天水",620500,"文化馆","2651A",105.8614,34.5653
"甘肃","武威",620600,"监测站","2652A",102.6219,37.9311
"甘肃","武威",620600,"雷台","2653A",102.6469,37.9358
"甘肃","张掖",620700,"监测站","2654A",100.4686,38.9467
"甘肃","张掖",620700,"科委","2655A",100.4497,38.9389
"甘肃","平凉",620800,"监测站","2656A",106.6692,35.5461
"甘肃","平凉",620800,"博物馆","2657A",106.7039,35.5294
"甘肃","酒泉",620900,"仓门街子站","2658A",98.509,39.746
"甘肃","酒泉",620900,"富康家世界子站","2659A",98.5023,39.7294
"甘肃","庆阳",621000,"区环保局","2660A",107.6831,35.7289
"甘肃","庆阳",621000,"粮贸总公司","2661A",107.6406,35.5236
"甘肃","庆阳",621000,"市环保局","2662A",107.6364,35.7067
"甘肃","定西",621100,"监测站（原粮食局）","2663A",104.6228,35.5714
"甘肃","定西",621100,"南峰招待所（原起重机厂）","2664A",104.6169,35.5975
"甘肃","陇南",621200,"汉王镇固水子","2665A",105.0822,33.3261
"甘肃","陇南",621200,"滨江中学","2885A",104.9338889,33.38256667
"甘肃","临夏州",622900,"环保局","2667A",103.2139,35.6039
"甘肃","临夏州",622900,"州委党校","2668A",103.2064,35.5997
"甘肃","甘南州",623000,"监测站","2669A",102.905,35.0003
"福建","福州",350100,"鼓山","1280A",119.389,26.0542
"福建","福州",350100,"快安","1281A",119.414,26.0258
"福建","福州",350100,"师大","1282A",119.303,26.0392
"福建","福州",350100,"五四北路","1283A",119.299,26.1092
"福建","福州",350100,"杨桥西路","1284A",119.268,26.0797
"福建","福州",350100,"紫阳","1285A",119.315,26.0753
"福建","厦门",350200,"溪东","1286A",118.15694444,24.818055556
"福建","厦门",350200,"洪文","1287A",118.15138889,24.476666667
"福建","厦门",350200,"鼓浪屿","1288A",118.06361111,24.445833333
"福建","厦门",350200,"湖里中学","2842A",118.0936,24.5058
"福建","莆田",350300,"荔城区仓后路","2319A",119.0156,25.442
"福建","莆田",350300,"莆田市监测站","2320A",119.0018,25.4552
"福建","莆田",350300,"涵江区六中","2321A",119.1117,25.4556
"福建","莆田",350300,"秀屿区政府","2322A",119.1015,25.3214
"福建","莆田",350300,"东圳水库","2323A",118.981,25.4792
"福建","三明",350400,"三钢","2324A",117.6211,26.2625
"福建","三明",350400,"三明二中","2325A",117.6353,26.2708
"福建","三明",350400,"三元区政府","2326A",117.6028,26.2378
"福建","三明",350400,"洋溪","2327A",117.7275,26.3108
"福建","泉州",350500,"涂山街","1611A",118.5819,24.9117
"福建","泉州",350500,"津头埔","1612A",118.5972,24.8978
"福建","泉州",350500,"万安","1613A",118.6663,24.9424
"福建","泉州",350500,"清源山","1614A",118.6108,24.9617
"福建","漳州",350600,"蓝田","2073A",117.7206,24.5086
"福建","漳州",350600,"漳州三中","2074A",117.6569,24.5157
"福建","漳州",350600,"九湖","2075A",117.6336,24.4674
"福建","漳州",350600,"蓝田镇","2920A",117.7116,24.506
"福建","南平",350700,"茫荡山","2331A",118.0966,26.6761
"福建","南平",350700,"南平市监测站","2332A",118.1694,26.6383
"福建","南平",350700,"南平铝业有限公司","2333A",118.1819,26.6514
"福建","南平",350700,"南平七中","2334A",118.1756,26.6272
"福建","龙岩",350800,"龙岩师专","2335A",117.0181,25.1174
"福建","龙岩",350800,"龙岩市监测站","2336A",117.0216,25.1035
"福建","龙岩",350800,"闽西职业技术学院","2337A",117.0256,25.0661
"福建","龙岩",350800,"龙岩学院","2338A",117.0151,25.0311
"福建","宁德",350900,"金涵水库","2339A",119.5001,26.6946
"福建","宁德",350900,"蕉城区农机局","2340A",119.5202,26.6607
"福建","宁德",350900,"宁德市监测站","2341A",119.5392,26.6611
"西藏","拉萨",540100,"八廓街","1456A",91.1319,29.6514
"西藏","拉萨",540100,"市环保局","1457A",91.1221,29.6747
"西藏","拉萨",540100,"区监测站","1458A",91.0874,29.6475
"西藏","拉萨",540100,"西藏大学","1459A",91.1774,29.6541
"西藏","拉萨",540100,"区辐射站","1460A",90.9798,29.6588
"西藏","拉萨",540100,"拉萨火车站","1461A",91.0834,29.6292
"西藏","昌都地区",542100,"昌都监测站","2622A",97.1804,31.1278
"西藏","昌都地区",542100,"昌都地区昌都坝","2623A",97.1809,31.1254
"西藏","山南地区",542200,"山南监测站","2624A",91.7608,29.2313
"西藏","山南地区",542200,"山南人民医院","2625A",91.7706,29.261
"西藏","日喀则地区",542300,"日喀则监测站","2626A",88.8876,29.2718
"西藏","日喀则地区",542300,"日喀则鸿达公司","2627A",88.8931,29.2365
"西藏","那曲地区",542400,"那曲监测站","2628A",92.0657,31.4846
"西藏","那曲地区",542400,"那曲嘉兴医院","2629A",92.0505,31.4733
"西藏","阿里地区",542500,"阿里监测站","2630A",80.1161,32.5
"西藏","阿里地区",542500,"阿里地委","2631A",80.0895,32.5039
"西藏","林芝地区",542600,"林芝监测站","2632A",94.3681,29.6376
"西藏","林芝地区",542600,"林芝人民医院","2633A",94.3616,29.6632
"贵州","贵阳",520100,"马鞍山","1439A",106.6856,26.6029
"贵州","贵阳",520100,"市环保站","1440A",106.6971,26.5689
"贵州","贵阳",520100,"鉴湖路","1441A",106.6243,26.6266
"贵州","贵阳",520100,"燕子冲","1442A",106.7487,26.6343
"贵州","贵阳",520100,"碧云窝","1443A",106.6554,26.4364
"贵州","贵阳",520100,"中院村","1444A",106.6948,26.5155
"贵州","贵阳",520100,"红边门","1445A",106.7105,26.6009
"贵州","贵阳",520100,"新华路","1446A",106.7164,26.5697
"贵州","贵阳",520100,"太慈桥","1447A",106.6867,26.5495
"贵州","贵阳",520100,"桐木岭","1552A",106.805,26.3003
"贵州","六盘水",520200,"窑上","2576A",104.8,26.5892
"贵州","六盘水",520200,"黄土坡","2577A",104.83,26.5917
"贵州","六盘水",520200,"水钢","2578A",104.89,26.5939
"贵州","六盘水",520200,"民中","2579A",104.8475,26.5894
"贵州","六盘水",520200,"双水","2580A",104.9544,26.5506
"贵州","遵义",520300,"丁字口","1911A",106.9222,27.6869
"贵州","遵义",520300,"凤凰山","1912A",106.9242,27.7019
"贵州","遵义",520300,"忠庄","1913A",106.8906,27.6486
"贵州","遵义",520300,"舟水桥","1914A",106.9231,27.6506
"贵州","遵义",520300,"干田坝","1915A",106.9178,27.72
"贵州","安顺",520400,"虹机厂子校","2581A",105.9556,26.2611
"贵州","安顺",520400,"市一中","2582A",105.9278,26.255
"贵州","安顺",520400,"铁路子校","2583A",105.9394,26.2358
"贵州","安顺",520400,"龙岩子校","2584A",105.8853,26.2392
"贵州","铜仁地区",522200,"铜仁卫校","2585A",109.1916,27.7297
"贵州","铜仁地区",522200,"铜仁七中","2586A",109.1794,27.7231
"贵州","黔西南州",522300,"场坝街","2589A",104.9022,25.0925
"贵州","黔西南州",522300,"坪东大道","2590A",104.8811,25.0992
"贵州","毕节",522400,"八中","2587A",105.2864,27.3125
"贵州","毕节",522400,"师专","2588A",105.31,27.2944
"贵州","黔东南州",522600,"市环境监测站","2591A",107.9783,26.5747
"贵州","黔东南州",522600,"凯里学院","2881A",107.8908333,26.53111111
"贵州","黔南州",522700,"小围寨","2593A",107.5228,26.2403
"辽宁","沈阳",210100,"森林路","1098A",123.6836,41.9339
"辽宁","沈阳",210100,"浑南东路","1099A",123.535,41.7561
"辽宁","沈阳",210100,"新秀街","1100A",123.439,41.7089
"辽宁","沈阳",210100,"东陵路","1102A",123.542,41.8336
"辽宁","沈阳",210100,"陵东街","1103A",123.428,41.8472
"辽宁","沈阳",210100,"文化路","1104A",123.41,41.765
"辽宁","沈阳",210100,"小河沿","1105A",123.478,41.7775
"辽宁","沈阳",210100,"太原街","1106A",123.3997,41.7972
"辽宁","沈阳",210100,"京沈街","1108A",123.3783,41.9228
"辽宁","沈阳",210100,"沈辽西路","2897A",123.2444,41.7347
"辽宁","沈阳",210100,"裕农路","2900A",123.5953,41.9086
"辽宁","大连",210200,"甘井子","1109A",121.61194444,38.973888889
"辽宁","大连",210200,"周水子","1110A",121.565,38.951111111
"辽宁","大连",210200,"星海三站","1111A",121.56388889,38.885
"辽宁","大连",210200,"青泥洼桥","1112A",121.63305556,38.911944444
"辽宁","大连",210200,"傅家庄","1113A",121.625,38.863888889
"辽宁","大连",210200,"七贤岭","1114A",121.51805556,38.856111111
"辽宁","大连",210200,"旅顺","1115A",121.25888889,38.808055556
"辽宁","大连",210200,"金州","1116A",121.7481,39.1311
"辽宁","大连",210200,"开发区","1117A",121.7769,39.0511
"辽宁","大连",210200,"双D港","1118A",121.9769,39.0631
"辽宁","瓦房店",210281,"抱龙山庄","2018A",121.989,39.625
"辽宁","瓦房店",210281,"东山公园","2019A",122.011,39.617
"辽宁","鞍山",210300,"深沟寺","1748A",123.044,41.1196
"辽宁","鞍山",210300,"太阳城","1749A",123.011,41.0931
"辽宁","鞍山",210300,"太平","1750A",123.0485,41.1442
"辽宁","鞍山",210300,"铁西三道街","1751A",122.9642,41.0971
"辽宁","鞍山",210300,"铁西工业园区","1752A",122.9481,41.0833
"辽宁","鞍山",210300,"明达新区","1753A",123.0156,41.0831
"辽宁","鞍山",210300,"千山","1754A",123.1289,41.0228
"辽宁","抚顺",210400,"望花区","1755A",123.81,41.8469
"辽宁","抚顺",210400,"顺城区","1756A",123.9169,41.8828
"辽宁","抚顺",210400,"东洲区","1757A",124.0383,41.8625
"辽宁","抚顺",210400,"新抚区","1758A",123.9,41.8594
"辽宁","抚顺",210400,"大伙房水库","1759A",124.0878,41.8864
"辽宁","抚顺",210400,"沈抚新城","1760A",123.7117,41.8417
"辽宁","本溪",210500,"大峪","1761A",123.8436,41.3283
"辽宁","本溪",210500,"溪湖","1762A",123.7528,41.3369
"辽宁","本溪",210500,"彩屯","1763A",123.7308,41.3047
"辽宁","本溪",210500,"东明","1764A",123.7669,41.2864
"辽宁","本溪",210500,"新立屯","1765A",123.7989,41.2692
"辽宁","本溪",210500,"威宁","1766A",123.8142,41.3472
"辽宁","丹东",210600,"江湾东路","1600A",124.3303,40.0625
"辽宁","丹东",210600,"临江后街","1601A",124.4256,40.1503
"辽宁","丹东",210600,"元宝山","1602A",124.3933,40.1461
"辽宁","丹东",210600,"民主桥","1603A",124.3678,40.1194
"辽宁","锦州",210700,"南山","1767A",121.0986,41.0781
"辽宁","锦州",210700,"开发区","1768A",121.045,40.8333
"辽宁","锦州",210700,"百股街道","1769A",121.2008,41.1219
"辽宁","锦州",210700,"天安街道","1770A",121.1178,41.1222
"辽宁","锦州",210700,"北湖公园","1771A",121.1303,41.1386
"辽宁","营口",210800,"学府南路","1596A",122.2414,40.6592
"辽宁","营口",210800,"大庆路","1597A",122.2703,40.7094
"辽宁","营口",210800,"镜湖西路","1598A",122.215,40.6511
"辽宁","营口",210800,"西炮台","1599A",122.1658,40.6789
"辽宁","阜新",210900,"工业园区","2207A",121.6178,41.9967
"辽宁","阜新",210900,"长青街","2208A",121.6561,42.0186
"辽宁","阜新",210900,"农业园区","2209A",121.6972,42.0503
"辽宁","阜新",210900,"东苑","2210A",121.6722,42.0228
"辽宁","阜新",210900,"玉龙新城","2211A",121.6592,42.0486
"辽宁","辽阳",211000,"宏伟区","2212A",123.2,41.1953
"辽宁","辽阳",211000,"新华园","2213A",123.15,41.2553
"辽宁","辽阳",211000,"滨河路","2214A",123.1761,41.2736
"辽宁","辽阳",211000,"铁西工业园","2215A",123.1417,41.2894
"辽宁","盘锦",211100,"开发区","1604A",122.0247,41.1556
"辽宁","盘锦",211100,"兴隆台","1605A",122.0539,41.0903
"辽宁","盘锦",211100,"新生街道","1606A",121.835,41.1042
"辽宁","铁岭",211200,"汇工街西","2216A",123.8139,42.3022
"辽宁","铁岭",211200,"水上乐园","2217A",123.8831,42.2953
"辽宁","铁岭",211200,"银州路东段","2218A",123.8489,42.2864
"辽宁","铁岭",211200,"金沙江路北","2219A",123.7153,42.2217
"辽宁","朝阳",211300,"西梁","2220A",120.4439,41.5931
"辽宁","朝阳",211300,"河畔小区","2221A",120.4486,41.5672
"辽宁","朝阳",211300,"八里堡","2222A",120.4247,41.5647
"辽宁","朝阳",211300,"农业园区","2223A",120.3939,41.615
"辽宁","葫芦岛",211400,"龙港区","1607A",120.9092,40.7136
"辽宁","葫芦岛",211400,"化工街","1608A",120.8392,40.7514
"辽宁","葫芦岛",211400,"新区","1609A",120.8478,40.715
"辽宁","葫芦岛",211400,"东城区","1610A",120.8631,40.7736
"重庆","重庆",500000,"缙云山","1414A",106.379,29.8272
"重庆","重庆",500000,"高家花园","1415A",106.46,29.5736
"重庆","重庆",500000,"天生","1416A",106.424,29.8264
"重庆","重庆",500000,"两路","1417A",106.626,29.7228
"重庆","重庆",500000,"虎溪","1418A",106.296,29.5983
"重庆","重庆",500000,"南坪","1419A",106.54,29.5186
"重庆","重庆",500000,"唐家沱","1420A",106.65,29.6219
"重庆","重庆",500000,"茶园","1421A",106.634,29.4892
"重庆","重庆",500000,"白市驿","1422A",106.364,29.4822
"重庆","重庆",500000,"解放碑","1423A",106.571,29.5642
"重庆","重庆",500000,"杨家坪","1424A",106.512,29.5164
"重庆","重庆",500000,"空港","1425A",106.617,29.7125
"重庆","重庆",500000,"新山村","1426A",106.468,29.4892
"重庆","重庆",500000,"礼嘉","1427A",106.562,29.6453
"重庆","重庆",500000,"蔡家","1428A",106.452,29.709
"重庆","重庆",500000,"鱼新街","1429A",106.513,29.389
"重庆","重庆",500000,"南泉","1430A",106.591,29.4272
"陕西","西安",610100,"高压开关厂","1462A",108.882,34.2749
"陕西","西安",610100,"兴庆小区","1463A",108.993,34.2629
"陕西","西安",610100,"纺织城","1464A",109.06,34.2572
"陕西","西安",610100,"小寨","1465A",108.94,34.2324
"陕西","西安",610100,"市人民体育场","1466A",108.954,34.2713
"陕西","西安",610100,"高新西区","1467A",108.883,34.2303
"陕西","西安",610100,"经开区","1468A",108.935,34.3474
"陕西","西安",610100,"长安区","1469A",108.906,34.1546
"陕西","西安",610100,"阎良区","1470A",109.2,34.6575
"陕西","西安",610100,"临潼区","1471A",109.2186,34.3731
"陕西","西安",610100,"草滩","1472A",108.869,34.378
"陕西","西安",610100,"曲江文化产业集团","1473A",108.985,34.1978
"陕西","西安",610100,"广运潭","1474A",109.043,34.3274
"陕西","铜川",610200,"党校","1922A",109.0656,35.0994
"陕西","铜川",610200,"王益区政府","1923A",109.0697,35.0697
"陕西","铜川",610200,"新区管委会","1924A",108.9344,34.9058
"陕西","铜川",610200,"新区兰芝公司","1925A",108.9589,34.8731
"陕西","宝鸡",610300,"庙沟村","1930A",107.1586,34.3708
"陕西","宝鸡",610300,"竹园沟","1931A",107.0708,34.3017
"陕西","宝鸡",610300,"三陆医院","1932A",107.1906,34.3672
"陕西","宝鸡",610300,"监测站","1933A",107.1431,34.3547
"陕西","宝鸡",610300,"技工学校","1934A",107.1186,34.3739
"陕西","宝鸡",610300,"陈仓环保局","1935A",107.3906,34.3528
"陕西","宝鸡",610300,"文理学院","1936A",107.2058,34.3497
"陕西","宝鸡",610300,"三迪小学","1937A",107.2386,34.3622
"陕西","咸阳",610400,"气象站","1918A",108.7197,34.3956
"陕西","咸阳",610400,"中华小区","1919A",108.6761,34.3181
"陕西","咸阳",610400,"师范学院","1920A",108.7233,34.3617
"陕西","咸阳",610400,"中医学院","1921A",108.7369,34.3164
"陕西","渭南",610500,"农科所","1938A",109.5293,34.5101
"陕西","渭南",610500,"日报社","1939A",109.5049,34.5004
"陕西","渭南",610500,"体育馆","1940A",109.4636,34.493
"陕西","渭南",610500,"高新一小","1941A",109.4266,34.5021
"陕西","延安",610600,"枣园","1926A",109.4131,36.6275
"陕西","延安",610600,"延大医附院","1927A",109.4761,36.6028
"陕西","延安",610600,"市监测站","1928A",109.4824,36.5767
"陕西","延安",610600,"百米大道","1929A",109.5056,36.6106
"陕西","汉中",610700,"汉川机床厂子校","2634A",106.9893,33.1842
"陕西","汉中",610700,"市监测站","2635A",107.0154,33.0706
"陕西","汉中",610700,"鑫源开发区","2636A",107.0089,33.1138
"陕西","汉中",610700,"南郑大河坎水厂","2637A",107.007,33.0323
"陕西","榆林",610800,"红石峡森林公园","2638A",109.7414,38.3344
"陕西","榆林",610800,"世纪广场","2639A",109.7456,38.2911
"陕西","榆林",610800,"实验中学","2640A",109.7289,38.2839
"陕西","榆林",610800,"环保监测大楼","2641A",109.7336,38.2478
"陕西","安康",610900,"香溪洞","2642A",109.0311,32.6778
"陕西","安康",610900,"安康市监测站","2643A",109.0281,32.6939
"陕西","安康",610900,"汉滨区检察院","2644A",109.0072,32.6975
"陕西","商洛",611000,"监测站","2645A",109.9154,33.8715
"陕西","商洛",611000,"东龙山气象局","2646A",109.966,33.8509
"青海","西宁",630100,"市环境监测站","1480A",101.748,36.6428
"青海","西宁",630100,"省医药仓库","1481A",101.749,36.6922
"青海","西宁",630100,"四陆医院","1482A",101.834,36.5819
"青海","西宁",630100,"第五水厂","1483A",101.524,36.6867
"青海","海东地区",632100,"平安县","2670A",102.1086,36.4997
"青海","海北州",632200,"海晏县西海镇","2671A",100.9048,36.9639
"青海","黄南州",632300,"同仁县隆务镇","2672A",102.0199,35.5102
"青海","海南州",632500,"共和县恰卜恰镇","2673A",100.6188,36.2866
"青海","果洛州",632600,"玛沁县大武镇","2674A",100.2561,34.4714
"青海","玉树州",632700,"玉树县结古镇","2675A",97,33.0014
"青海","海西州",632800,"德令哈市","2676A",97.3731,37.3753
"黑龙江","哈尔滨",230100,"岭北","1129A",126.542,45.755
"黑龙江","哈尔滨",230100,"松北商大","1130A",126.561,45.8167
"黑龙江","哈尔滨",230100,"阿城会宁","1131A",126.979,45.5422
"黑龙江","哈尔滨",230100,"南岗学府路","1132A",126.599,45.7222
"黑龙江","哈尔滨",230100,"太平宏伟公园","1133A",126.689,45.7733
"黑龙江","哈尔滨",230100,"道外承德广场","1134A",126.635,45.7667
"黑龙江","哈尔滨",230100,"香坊红旗大街","1135A",126.685,45.7319
"黑龙江","哈尔滨",230100,"动力和平路","1136A",126.646,45.7258
"黑龙江","哈尔滨",230100,"道里建国路","1137A",126.593,45.7478
"黑龙江","哈尔滨",230100,"平房东轻厂","1138A",126.615,45.61
"黑龙江","哈尔滨",230100,"呼兰师专","1139A",126.6106,45.9819
"黑龙江","哈尔滨",230100,"省农科院","1140A",126.6206,45.6842
"黑龙江","齐齐哈尔",230200,"安居小区","1779A",123.9305,47.3636
"黑龙江","齐齐哈尔",230200,"中心广场","1780A",123.9305,47.3386
"黑龙江","齐齐哈尔",230200,"农牧车辆厂","1781A",123.9483,47.3227
"黑龙江","齐齐哈尔",230200,"富区环保局","1782A",123.6261,47.203
"黑龙江","齐齐哈尔",230200,"市环境监测站","1783A",123.945,47.2988
"黑龙江","鸡西",230300,"环保局","2240A",130.962,45.2924
"黑龙江","鸡西",230300,"自来水公司","2241A",130.9817,45.305
"黑龙江","鸡西",230300,"白酒厂","2242A",131.0103,45.2948
"黑龙江","鸡西",230300,"气象局","2243A",130.9298,45.2978
"黑龙江","鹤岗",230400,"哈啤分公司","2244A",130.2659,47.3349
"黑龙江","鹤岗",230400,"斯达机电","2245A",130.261,47.2753
"黑龙江","鹤岗",230400,"东山纸板厂","2246A",130.3172,47.3489
"黑龙江","鹤岗",230400,"五号水库","2247A",130.1097,47.3382
"黑龙江","双鸭山",230500,"双合村","2248A",131.1638,46.6572
"黑龙江","双鸭山",230500,"南小市","2249A",131.1651,46.619
"黑龙江","双鸭山",230500,"环保局","2250A",131.1516,46.6462
"黑龙江","双鸭山",230500,"苗圃","2251A",131.1572,46.5888
"黑龙江","大庆",230600,"大同区","1789A",124.8354,46.0347
"黑龙江","大庆",230600,"龙凤区","1790A",125.112,46.528
"黑龙江","大庆",230600,"红岗区","1791A",124.8847,46.3991
"黑龙江","大庆",230600,"萨尔图区","1792A",125.1386,46.5776
"黑龙江","大庆",230600,"让胡路区","1793A",124.8648,46.6219
"黑龙江","伊春",230700,"中心医院","2252A",128.8736,47.7222
"黑龙江","伊春",230700,"林管局","2253A",128.9094,47.7317
"黑龙江","伊春",230700,"汤旺河国家公园","2254A",129.4942,48.4658
"黑龙江","佳木斯",230800,"佳纺","2255A",130.2719,46.8025
"黑龙江","佳木斯",230800,"发电厂","2256A",130.3961,46.8267
"黑龙江","佳木斯",230800,"环保局","2257A",130.3258,46.7975
"黑龙江","佳木斯",230800,"十一中","2258A",130.3648,46.8032
"黑龙江","佳木斯",230800,"四丰","2259A",130.3794,46.7588
"黑龙江","七台河",230900,"环保局","2260A",131.0032,45.7677
"黑龙江","七台河",230900,"新建","2261A",130.8625,45.8194
"黑龙江","七台河",230900,"葫头沟","2262A",130.9467,45.8309
"黑龙江","牡丹江",231000,"环保大楼","1784A",129.61,44.561
"黑龙江","牡丹江",231000,"文化广场","1785A",129.6115,44.5782
"黑龙江","牡丹江",231000,"第一医院","1786A",129.5902,44.5952
"黑龙江","牡丹江",231000,"机车工厂","1787A",129.6459,44.6104
"黑龙江","牡丹江",231000,"第一中学","1788A",129.6386,44.5462
"黑龙江","黑河",231100,"交通局","2263A",127.4961,50.2486
"黑龙江","黑河",231100,"党校","2264A",127.5044,50.2391
"黑龙江","黑河",231100,"地震局","2265A",127.4143,50.2538
"黑龙江","绥化",231200,"人和东街","2266A",126.9934,46.6384
"黑龙江","绥化",231200,"党政办公中心","2267A",126.9636,46.6527
"黑龙江","大兴安岭地区",232700,"环保局","2268A",124.1186,50.4269
"黑龙江","大兴安岭地区",232700,"公安局","2269A",124.1303,50.4217
