"long","lat","group","order","region","subregion"
96.416,42.7588,1,1,"新疆维吾尔自治区",NA
96.416,42.7148,1,2,"新疆维吾尔自治区",NA
95.9766,42.4951,1,3,"新疆维吾尔自治区",NA
96.0645,42.3193,1,4,"新疆维吾尔自治区",NA
96.2402,42.2314,1,5,"新疆维吾尔自治区",NA
95.9766,41.9238,1,6,"新疆维吾尔自治区",NA
95.2734,41.6162,1,7,"新疆维吾尔自治区",NA
95.1855,41.792,1,8,"新疆维吾尔自治区",NA
94.5703,41.4844,1,9,"新疆维吾尔自治区",NA
94.043,41.0889,1,10,"新疆维吾尔自治区",NA
93.8672,40.6934,1,11,"新疆维吾尔自治区",NA
93.0762,40.6494,1,12,"新疆维吾尔自治区",NA
92.6367,39.6387,1,13,"新疆维吾尔自治区",NA
92.373,39.3311,1,14,"新疆维吾尔自治区",NA
92.373,39.1113,1,15,"新疆维吾尔自治区",NA
92.373,39.0234,1,16,"新疆维吾尔自治区",NA
90.1758,38.4961,1,17,"新疆维吾尔自治区",NA
90.3516,38.2324,1,18,"新疆维吾尔自治区",NA
90.6152,38.3203,1,19,"新疆维吾尔自治区",NA
90.5273,37.8369,1,20,"新疆维吾尔自治区",NA
91.0547,37.4414,1,21,"新疆维吾尔自治区",NA
91.3184,37.0898,1,22,"新疆维吾尔自治区",NA
90.7031,36.7822,1,23,"新疆维吾尔自治区",NA
90.791,36.6064,1,24,"新疆维吾尔自治区",NA
91.0547,36.5186,1,25,"新疆维吾尔自治区",NA
91.0547,36.0791,1,26,"新疆维吾尔自治区",NA
90.8789,36.0352,1,27,"新疆维吾尔自治区",NA
90,36.2549,1,28,"新疆维吾尔自治区",NA
89.9121,36.0791,1,29,"新疆维吾尔自治区",NA
89.7363,36.0791,1,30,"新疆维吾尔自治区",NA
89.209,36.2988,1,31,"新疆维吾尔自治区",NA
88.7695,36.3428,1,32,"新疆维吾尔自治区",NA
88.5938,36.4746,1,33,"新疆维吾尔自治区",NA
87.3633,36.4307,1,34,"新疆维吾尔自治区",NA
86.2207,36.167,1,35,"新疆维吾尔自治区",NA
86.1328,35.8594,1,36,"新疆维吾尔自治区",NA
85.6055,35.6836,1,37,"新疆维吾尔自治区",NA
85.0781,35.7275,1,38,"新疆维吾尔自治区",NA
84.1992,35.376,1,39,"新疆维吾尔自治区",NA
83.1445,35.4199,1,40,"新疆维吾尔自治区",NA
82.8809,35.6836,1,41,"新疆维吾尔自治区",NA
82.4414,35.7275,1,42,"新疆维吾尔自治区",NA
82.002,35.332,1,43,"新疆维吾尔自治区",NA
81.6504,35.2441,1,44,"新疆维吾尔自治区",NA
80.4199,35.4199,1,45,"新疆维吾尔自治区",NA
80.2441,35.2881,1,46,"新疆维吾尔自治区",NA
80.332,35.1563,1,47,"新疆维吾尔自治区",NA
80.2441,35.2002,1,48,"新疆维吾尔自治区",NA
79.8926,34.8047,1,49,"新疆维吾尔自治区",NA
79.8047,34.4971,1,50,"新疆维吾尔自治区",NA
79.1016,34.4531,1,51,"新疆维吾尔自治区",NA
79.0137,34.3213,1,52,"新疆维吾尔自治区",NA
78.2227,34.7168,1,53,"新疆维吾尔自治区",NA
78.0469,35.2441,1,54,"新疆维吾尔自治区",NA
78.0469,35.5078,1,55,"新疆维吾尔自治区",NA
77.4316,35.4639,1,56,"新疆维吾尔自治区",NA
76.8164,35.6396,1,57,"新疆维吾尔自治区",NA
76.5527,35.8594,1,58,"新疆维吾尔自治区",NA
76.2012,35.8154,1,59,"新疆维吾尔自治区",NA
75.9375,36.0352,1,60,"新疆维吾尔自治区",NA
76.0254,36.4746,1,61,"新疆维吾尔自治区",NA
75.8496,36.6943,1,62,"新疆维吾尔自治区",NA
75.498,36.7383,1,63,"新疆维吾尔自治区",NA
75.4102,36.958,1,64,"新疆维吾尔自治区",NA
75.0586,37.002,1,65,"新疆维吾尔自治区",NA
74.8828,36.9141,1,66,"新疆维吾尔自治区",NA
74.7949,37.0459,1,67,"新疆维吾尔自治区",NA
74.5313,37.0898,1,68,"新疆维吾尔自治区",NA
74.5313,37.2217,1,69,"新疆维吾尔自治区",NA
74.8828,37.2217,1,70,"新疆维吾尔自治区",NA
75.1465,37.4414,1,71,"新疆维吾尔自治区",NA
74.8828,37.5732,1,72,"新疆维吾尔自治区",NA
74.9707,37.749,1,73,"新疆维吾尔自治区",NA
74.8828,38.4521,1,74,"新疆维吾尔自治区",NA
74.3555,38.6719,1,75,"新疆维吾尔自治区",NA
74.1797,38.6719,1,76,"新疆维吾尔自治区",NA
74.0918,38.54,1,77,"新疆维吾尔自治区",NA
73.8281,38.584,1,78,"新疆维吾尔自治区",NA
73.7402,38.8477,1,79,"新疆维吾尔自治区",NA
73.8281,38.9795,1,80,"新疆维吾尔自治区",NA
73.4766,39.375,1,81,"新疆维吾尔自治区",NA
73.916,39.5068,1,82,"新疆维吾尔自治区",NA
73.916,39.6826,1,83,"新疆维吾尔自治区",NA
73.8281,39.7705,1,84,"新疆维吾尔自治区",NA
74.0039,40.0342,1,85,"新疆维吾尔自治区",NA
74.8828,40.3418,1,86,"新疆维吾尔自治区",NA
74.7949,40.5176,1,87,"新疆维吾尔自治区",NA
75.2344,40.4297,1,88,"新疆维吾尔自治区",NA
75.5859,40.6494,1,89,"新疆维吾尔自治区",NA
75.7617,40.2979,1,90,"新疆维吾尔自治区",NA
76.377,40.3857,1,91,"新疆维吾尔自治区",NA
76.9043,41.001,1,92,"新疆维吾尔自治区",NA
77.6074,41.001,1,93,"新疆维吾尔自治区",NA
78.1348,41.2207,1,94,"新疆维吾尔自治区",NA
78.1348,41.3965,1,95,"新疆维吾尔自治区",NA
80.1563,42.0557,1,96,"新疆维吾尔自治区",NA
80.2441,42.2754,1,97,"新疆维吾尔自治区",NA
80.1563,42.627,1,98,"新疆维吾尔自治区",NA
80.2441,42.8467,1,99,"新疆维吾尔自治区",NA
80.5078,42.8906,1,100,"新疆维吾尔自治区",NA
80.4199,43.0664,1,101,"新疆维吾尔自治区",NA
80.7715,43.1982,1,102,"新疆维吾尔自治区",NA
80.4199,44.165,1,103,"新疆维吾尔自治区",NA
80.4199,44.6045,1,104,"新疆维吾尔自治区",NA
79.9805,44.8242,1,105,"新疆维吾尔自治区",NA
79.9805,44.9561,1,106,"新疆维吾尔自治区",NA
81.7383,45.3955,1,107,"新疆维吾尔自治区",NA
82.0898,45.2197,1,108,"新疆维吾尔自治区",NA
82.5293,45.2197,1,109,"新疆维吾尔自治区",NA
82.2656,45.6592,1,110,"新疆维吾尔自治区",NA
83.0566,47.2412,1,111,"新疆维吾尔自治区",NA
83.6719,47.0215,1,112,"新疆维吾尔自治区",NA
84.7266,47.0215,1,113,"新疆维吾尔自治区",NA
84.9023,46.8896,1,114,"新疆维吾尔自治区",NA
85.5176,47.0654,1,115,"新疆维吾尔自治区",NA
85.6934,47.2852,1,116,"新疆维吾尔自治区",NA
85.5176,48.1201,1,117,"新疆维吾尔自治区",NA
85.7813,48.4277,1,118,"新疆维吾尔自治区",NA
86.5723,48.5596,1,119,"新疆维吾尔自治区",NA
86.8359,48.8232,1,120,"新疆维吾尔自治区",NA
86.748,48.9551,1,121,"新疆维吾尔自治区",NA
86.8359,49.1309,1,122,"新疆维吾尔自治区",NA
87.8027,49.1748,1,123,"新疆维吾尔自治区",NA
87.8906,48.999,1,124,"新疆维吾尔自治区",NA
87.7148,48.9111,1,125,"新疆维吾尔自治区",NA
88.0664,48.7354,1,126,"新疆维吾尔自治区",NA
87.9785,48.6035,1,127,"新疆维吾尔自治区",NA
88.5059,48.3838,1,128,"新疆维吾尔自治区",NA
88.6816,48.1641,1,129,"新疆维吾尔自治区",NA
89.1211,47.9883,1,130,"新疆维吾尔自治区",NA
89.5605,48.0322,1,131,"新疆维吾尔自治区",NA
89.7363,47.8564,1,132,"新疆维吾尔自治区",NA
90.0879,47.8564,1,133,"新疆维吾尔自治区",NA
90.3516,47.6807,1,134,"新疆维吾尔自治区",NA
90.5273,47.2412,1,135,"新疆维吾尔自治区",NA
90.8789,46.9775,1,136,"新疆维吾尔自治区",NA
91.0547,46.582,1,137,"新疆维吾尔自治区",NA
90.8789,46.3184,1,138,"新疆维吾尔自治区",NA
91.0547,46.0107,1,139,"新疆维吾尔自治区",NA
90.7031,45.7471,1,140,"新疆维吾尔自治区",NA
90.7031,45.5273,1,141,"新疆维吾尔自治区",NA
90.8789,45.2197,1,142,"新疆维吾尔自治区",NA
91.582,45.0879,1,143,"新疆维吾尔自治区",NA
93.5156,44.9561,1,144,"新疆维吾尔自治区",NA
94.7461,44.3408,1,145,"新疆维吾尔自治区",NA
95.3613,44.2969,1,146,"新疆维吾尔自治区",NA
95.3613,44.0332,1,147,"新疆维吾尔自治区",NA
95.5371,43.9014,1,148,"新疆维吾尔自治区",NA
95.8887,43.2422,1,149,"新疆维吾尔自治区",NA
96.3281,42.9346,1,150,"新疆维吾尔自治区",NA
96.416,42.7588,1,151,"新疆维吾尔自治区",NA
79.0137,34.3213,2,153,"西藏自治区",NA
79.1016,34.4531,2,154,"西藏自治区",NA
79.8047,34.4971,2,155,"西藏自治区",NA
79.8926,34.8047,2,156,"西藏自治区",NA
80.2441,35.2002,2,157,"西藏自治区",NA
80.332,35.1563,2,158,"西藏自治区",NA
80.2441,35.2881,2,159,"西藏自治区",NA
80.4199,35.4199,2,160,"西藏自治区",NA
81.6504,35.2441,2,161,"西藏自治区",NA
82.002,35.332,2,162,"西藏自治区",NA
82.4414,35.7275,2,163,"西藏自治区",NA
82.8809,35.6836,2,164,"西藏自治区",NA
83.1445,35.4199,2,165,"西藏自治区",NA
84.1992,35.376,2,166,"西藏自治区",NA
85.0781,35.7275,2,167,"西藏自治区",NA
85.6055,35.6836,2,168,"西藏自治区",NA
86.1328,35.8594,2,169,"西藏自治区",NA
86.2207,36.167,2,170,"西藏自治区",NA
87.3633,36.4307,2,171,"西藏自治区",NA
88.5938,36.4746,2,172,"西藏自治区",NA
88.7695,36.3428,2,173,"西藏自治区",NA
89.209,36.2988,2,174,"西藏自治区",NA
89.7363,36.0791,2,175,"西藏自治区",NA
89.3848,36.0352,2,176,"西藏自治区",NA
89.4727,35.9033,2,177,"西藏自治区",NA
89.7363,35.7715,2,178,"西藏自治区",NA
89.7363,35.4199,2,179,"西藏自治区",NA
89.4727,35.376,2,180,"西藏自治区",NA
89.4727,35.2441,2,181,"西藏自治区",NA
89.5605,34.8926,2,182,"西藏自治区",NA
89.8242,34.8486,2,183,"西藏自治区",NA
89.7363,34.6729,2,184,"西藏自治区",NA
89.8242,34.3652,2,185,"西藏自治区",NA
89.6484,34.0137,2,186,"西藏自治区",NA
90.0879,33.4863,2,187,"西藏自治区",NA
90.7031,33.1348,2,188,"西藏自治区",NA
91.4063,33.1348,2,189,"西藏自治区",NA
91.9336,32.8271,2,190,"西藏自治区",NA
92.1973,32.8271,2,191,"西藏自治区",NA
92.2852,32.7393,2,192,"西藏自治区",NA
92.9883,32.7393,2,193,"西藏自治区",NA
93.5156,32.4756,2,194,"西藏自治区",NA
93.7793,32.5635,2,195,"西藏自治区",NA
94.1309,32.4316,2,196,"西藏自治区",NA
94.6582,32.6074,2,197,"西藏自治区",NA
95.1855,32.4316,2,198,"西藏自治区",NA
95.0098,32.2998,2,199,"西藏自治区",NA
95.1855,32.3438,2,200,"西藏自治区",NA
95.2734,32.2119,2,201,"西藏自治区",NA
95.3613,32.168,2,202,"西藏自治区",NA
95.3613,31.9922,2,203,"西藏自治区",NA
95.4492,31.8164,2,204,"西藏自治区",NA
95.8008,31.6846,2,205,"西藏自治区",NA
95.9766,31.8164,2,206,"西藏自治区",NA
96.1523,31.5967,2,207,"西藏自治区",NA
96.2402,31.9482,2,208,"西藏自治区",NA
96.5039,31.7285,2,209,"西藏自治区",NA
96.8555,31.6846,2,210,"西藏自治区",NA
96.7676,31.9922,2,211,"西藏自治区",NA
97.2949,32.0801,2,212,"西藏自治区",NA
97.3828,32.5635,2,213,"西藏自治区",NA
97.7344,32.5195,2,214,"西藏自治区",NA
98.1738,32.3438,2,215,"西藏自治区",NA
98.4375,31.8604,2,216,"西藏自治区",NA
98.877,31.4209,2,217,"西藏自治区",NA
98.6133,31.2012,2,218,"西藏自治区",NA
98.9648,30.7617,2,219,"西藏自治区",NA
99.1406,29.2676,2,220,"西藏自治区",NA
98.9648,29.1357,2,221,"西藏自治区",NA
98.9648,28.8281,2,222,"西藏自治区",NA
98.7891,28.8721,2,223,"西藏自治区",NA
98.7891,29.0039,2,224,"西藏自治区",NA
98.7012,28.916,2,225,"西藏自治区",NA
98.6133,28.5205,2,226,"西藏自治区",NA
98.7891,28.3447,2,227,"西藏自治区",NA
98.7012,28.2129,2,228,"西藏自治区",NA
98.3496,28.125,2,229,"西藏自治区",NA
98.2617,28.3887,2,230,"西藏自治区",NA
98.1738,28.125,2,231,"西藏自治区",NA
97.5586,28.5205,2,232,"西藏自治区",NA
97.2949,28.0811,2,233,"西藏自治区",NA
97.3828,27.9053,2,234,"西藏自治区",NA
97.0313,27.7295,2,235,"西藏自治区",NA
96.5039,28.125,2,236,"西藏自治区",NA
95.7129,28.2568,2,237,"西藏自治区",NA
95.3613,28.125,2,238,"西藏自治区",NA
95.2734,27.9492,2,239,"西藏自治区",NA
94.2188,27.5537,2,240,"西藏自治区",NA
93.8672,27.0264,2,241,"西藏自治区",NA
93.6035,26.9385,2,242,"西藏自治区",NA
92.1094,26.8506,2,243,"西藏自治区",NA
92.0215,27.4658,2,244,"西藏自治区",NA
91.582,27.5537,2,245,"西藏自治区",NA
91.582,27.9053,2,246,"西藏自治区",NA
91.4063,28.0371,2,247,"西藏自治区",NA
91.0547,27.8613,2,248,"西藏自治区",NA
90.7031,28.0811,2,249,"西藏自治区",NA
89.8242,28.2129,2,250,"西藏自治区",NA
89.6484,28.1689,2,251,"西藏自治区",NA
89.1211,27.5977,2,252,"西藏自治区",NA
89.1211,27.334,2,253,"西藏自治区",NA
89.0332,27.2021,2,254,"西藏自治区",NA
88.7695,27.4219,2,255,"西藏自治区",NA
88.8574,27.9932,2,256,"西藏自治区",NA
88.6816,28.125,2,257,"西藏自治区",NA
88.1543,27.9053,2,258,"西藏自治区",NA
87.8906,27.9492,2,259,"西藏自治区",NA
87.7148,27.8174,2,260,"西藏自治区",NA
87.0996,27.8174,2,261,"西藏自治区",NA
86.748,28.125,2,262,"西藏自治区",NA
86.5723,28.125,2,263,"西藏自治区",NA
86.4844,27.9053,2,264,"西藏自治区",NA
86.1328,28.125,2,265,"西藏自治区",NA
86.0449,27.9053,2,266,"西藏自治区",NA
85.6934,28.3447,2,267,"西藏自治区",NA
85.6055,28.2568,2,268,"西藏自治区",NA
85.166,28.3447,2,269,"西藏自治区",NA
85.166,28.6523,2,270,"西藏自治区",NA
84.9023,28.5645,2,271,"西藏自治区",NA
84.4629,28.7402,2,272,"西藏自治区",NA
84.2871,28.8721,2,273,"西藏自治区",NA
84.1992,29.2236,2,274,"西藏自治区",NA
84.1113,29.2676,2,275,"西藏自治区",NA
83.584,29.1797,2,276,"西藏自治区",NA
83.2324,29.5752,2,277,"西藏自治区",NA
82.1777,30.0586,2,278,"西藏自治区",NA
82.0898,30.3223,2,279,"西藏自治区",NA
81.3867,30.3662,2,280,"西藏自治区",NA
81.2109,30.0146,2,281,"西藏自治区",NA
81.0352,30.2344,2,282,"西藏自治区",NA
80.0684,30.5859,2,283,"西藏自治区",NA
79.7168,30.9375,2,284,"西藏自治区",NA
79.0137,31.0693,2,285,"西藏自治区",NA
78.75,31.333,2,286,"西藏自治区",NA
78.8379,31.5967,2,287,"西藏自治区",NA
78.6621,31.8164,2,288,"西藏自治区",NA
78.75,31.9043,2,289,"西藏自治区",NA
78.4863,32.124,2,290,"西藏自治区",NA
78.3984,32.5195,2,291,"西藏自治区",NA
78.75,32.6953,2,292,"西藏自治区",NA
78.9258,32.3438,2,293,"西藏自治区",NA
79.2773,32.5635,2,294,"西藏自治区",NA
79.1016,33.1787,2,295,"西藏自治区",NA
78.6621,33.6621,2,296,"西藏自治区",NA
78.6621,34.1016,2,297,"西藏自治区",NA
78.9258,34.1455,2,298,"西藏自治区",NA
79.0137,34.3213,2,299,"西藏自治区",NA
97.207,42.8027,3,301,"内蒙古自治区",NA
99.4922,42.583,3,302,"内蒙古自治区",NA
100.8105,42.6709,3,303,"内蒙古自治区",NA
101.7773,42.4951,3,304,"内蒙古自治区",NA
102.041,42.2314,3,305,"内蒙古自治区",NA
102.7441,42.1436,3,306,"内蒙古自治区",NA
103.3594,41.8799,3,307,"内蒙古自治区",NA
103.8867,41.792,3,308,"内蒙古自治区",NA
104.502,41.8799,3,309,"内蒙古自治区",NA
104.502,41.6602,3,310,"内蒙古自治区",NA
105.0293,41.5723,3,311,"内蒙古自治区",NA
105.7324,41.9238,3,312,"内蒙古自治区",NA
107.4023,42.4512,3,313,"内蒙古自治区",NA
109.4238,42.4512,3,314,"内蒙古自治区",NA
110.3906,42.7588,3,315,"内蒙古自治区",NA
111.0059,43.3301,3,316,"内蒙古自治区",NA
111.9727,43.6816,3,317,"内蒙古自治区",NA
111.9727,43.8135,3,318,"内蒙古自治区",NA
111.4453,44.3848,3,319,"内蒙古自治区",NA
111.7969,45,3,320,"内蒙古自治区",NA
111.9727,45.0879,3,321,"内蒙古自治区",NA
113.6426,44.7363,3,322,"内蒙古自治区",NA
114.1699,44.9561,3,323,"内蒙古自治区",NA
114.5215,45.3955,3,324,"内蒙古自治区",NA
115.6641,45.4395,3,325,"内蒙古自治区",NA
116.1914,45.7031,3,326,"内蒙古自治区",NA
116.2793,45.9668,3,327,"内蒙古自治区",NA
116.543,46.2744,3,328,"内蒙古自治区",NA
117.334,46.3623,3,329,"内蒙古自治区",NA
117.4219,46.582,3,330,"内蒙古自治区",NA
117.7734,46.5381,3,331,"内蒙古自治区",NA
118.3008,46.7578,3,332,"内蒙古自治区",NA
118.7402,46.7139,3,333,"内蒙古自治区",NA
118.916,46.7578,3,334,"内蒙古自治区",NA
119.0918,46.6699,3,335,"内蒙古自治区",NA
119.707,46.626,3,336,"内蒙古自治区",NA
119.9707,46.7139,3,337,"内蒙古自治区",NA
119.707,47.1973,3,338,"内蒙古自治区",NA
118.4766,47.9883,3,339,"内蒙古自治区",NA
117.8613,48.0322,3,340,"内蒙古自治区",NA
117.334,47.6807,3,341,"内蒙古自治区",NA
116.8066,47.9004,3,342,"内蒙古自治区",NA
116.1914,47.8564,3,343,"内蒙古自治区",NA
115.9277,47.6807,3,344,"内蒙古自治区",NA
115.5762,47.9004,3,345,"内蒙古自治区",NA
115.4883,48.1641,3,346,"内蒙古自治区",NA
115.8398,48.252,3,347,"内蒙古自治区",NA
115.8398,48.5596,3,348,"内蒙古自治区",NA
116.7188,49.834,3,349,"内蒙古自治区",NA
117.7734,49.5264,3,350,"内蒙古自治区",NA
118.5645,49.9219,3,351,"内蒙古自治区",NA
119.2676,50.0977,3,352,"内蒙古自治区",NA
119.3555,50.3174,3,353,"内蒙古自治区",NA
119.1797,50.3613,3,354,"内蒙古自治区",NA
119.5313,50.7568,3,355,"内蒙古自治区",NA
119.5313,50.8887,3,356,"内蒙古自治区",NA
119.707,51.0645,3,357,"内蒙古自治区",NA
120.1465,51.6797,3,358,"内蒙古自治区",NA
120.6738,51.9434,3,359,"内蒙古自治区",NA
120.7617,52.1191,3,360,"内蒙古自治区",NA
120.7617,52.251,3,361,"内蒙古自治区",NA
120.5859,52.3389,3,362,"内蒙古自治区",NA
120.6738,52.5146,3,363,"内蒙古自治区",NA
120.4102,52.6465,3,364,"内蒙古自治区",NA
120.0586,52.6025,3,365,"内蒙古自治区",NA
120.0586,52.7344,3,366,"内蒙古自治区",NA
120.8496,53.2617,3,367,"内蒙古自治区",NA
121.4648,53.3496,3,368,"内蒙古自治区",NA
121.8164,53.042,3,369,"内蒙古自治区",NA
121.2012,52.5586,3,370,"内蒙古自治区",NA
121.6406,52.4268,3,371,"内蒙古自治区",NA
121.7285,52.2949,3,372,"内蒙古自治区",NA
121.9922,52.2949,3,373,"内蒙古自治区",NA
122.168,52.5146,3,374,"内蒙古自治区",NA
122.6953,52.251,3,375,"内蒙古自治区",NA
122.6074,52.0752,3,376,"内蒙古自治区",NA
122.959,51.3281,3,377,"内蒙古自治区",NA
123.3105,51.2402,3,378,"内蒙古自治区",NA
123.6621,51.3721,3,379,"内蒙古自治区",NA
124.3652,51.2842,3,380,"内蒙古自治区",NA
124.541,51.3721,3,381,"内蒙古自治区",NA
124.8926,51.3721,3,382,"内蒙古自治区",NA
125.0684,51.6357,3,383,"内蒙古自治区",NA
125.332,51.6357,3,384,"内蒙古自治区",NA
126.0352,51.0205,3,385,"内蒙古自治区",NA
125.7715,50.7568,3,386,"内蒙古自治区",NA
125.7715,50.5371,3,387,"内蒙古自治区",NA
125.332,50.1416,3,388,"内蒙古自治区",NA
125.1563,49.834,3,389,"内蒙古自治区",NA
125.2441,49.1748,3,390,"内蒙古自治区",NA
124.8047,49.1309,3,391,"内蒙古自治区",NA
124.4531,48.1201,3,392,"内蒙古自治区",NA
124.2773,48.5156,3,393,"内蒙古自治区",NA
122.4316,47.373,3,394,"内蒙古自治区",NA
123.0469,46.7139,3,395,"内蒙古自治区",NA
123.3984,46.8896,3,396,"内蒙古自治区",NA
123.3984,46.9775,3,397,"内蒙古自治区",NA
123.4863,46.9775,3,398,"内蒙古自治区",NA
123.5742,46.8457,3,399,"内蒙古自治区",NA
123.5742,46.8896,3,400,"内蒙古自治区",NA
123.5742,46.6699,3,401,"内蒙古自治区",NA
123.0469,46.582,3,402,"内蒙古自治区",NA
123.2227,46.2305,3,403,"内蒙古自治区",NA
122.7832,46.0107,3,404,"内蒙古自治区",NA
122.6953,45.7031,3,405,"内蒙古自治区",NA
122.4316,45.8789,3,406,"内蒙古自治区",NA
122.2559,45.791,3,407,"内蒙古自治区",NA
121.8164,46.0107,3,408,"内蒙古自治区",NA
121.7285,45.7471,3,409,"内蒙古自治区",NA
121.9043,45.7031,3,410,"内蒙古自治区",NA
122.2559,45.2637,3,411,"内蒙古自治区",NA
122.0801,44.8682,3,412,"内蒙古自治区",NA
122.3438,44.2529,3,413,"内蒙古自治区",NA
123.1348,44.4727,3,414,"内蒙古自治区",NA
123.4863,43.7256,3,415,"内蒙古自治区",NA
123.3105,43.5059,3,416,"内蒙古自治区",NA
123.6621,43.374,3,417,"内蒙古自治区",NA
123.5742,43.0225,3,418,"内蒙古自治区",NA
123.3105,42.9785,3,419,"内蒙古自治区",NA
123.1348,42.8027,3,420,"内蒙古自治区",NA
122.7832,42.7148,3,421,"内蒙古自治区",NA
122.3438,42.8467,3,422,"内蒙古自治区",NA
122.3438,42.6709,3,423,"内蒙古自治区",NA
121.9922,42.7148,3,424,"内蒙古自治区",NA
121.7285,42.4512,3,425,"内蒙古自治区",NA
121.4648,42.4951,3,426,"内蒙古自治区",NA
120.498,42.0996,3,427,"内蒙古自治区",NA
120.1465,41.7041,3,428,"内蒙古自治区",NA
119.8828,42.1875,3,429,"内蒙古自治区",NA
119.5313,42.3633,3,430,"内蒙古自治区",NA
119.3555,42.2754,3,431,"内蒙古自治区",NA
119.2676,41.7041,3,432,"内蒙古自治区",NA
119.4434,41.6162,3,433,"内蒙古自治区",NA
119.2676,41.3086,3,434,"内蒙古自治区",NA
118.3887,41.3086,3,435,"内蒙古自治区",NA
118.125,41.748,3,436,"内蒙古自治区",NA
118.3008,41.792,3,437,"内蒙古自治区",NA
118.3008,42.0996,3,438,"内蒙古自治区",NA
118.125,42.0557,3,439,"内蒙古自治区",NA
117.9492,42.2314,3,440,"内蒙古自治区",NA
118.0371,42.4072,3,441,"内蒙古自治区",NA
117.7734,42.627,3,442,"内蒙古自治区",NA
117.5098,42.583,3,443,"内蒙古自治区",NA
117.334,42.4512,3,444,"内蒙古自治区",NA
116.8945,42.4072,3,445,"内蒙古自治区",NA
116.8066,42.0117,3,446,"内蒙古自治区",NA
116.2793,42.0117,3,447,"内蒙古自治区",NA
116.0156,41.792,3,448,"内蒙古自治区",NA
115.9277,41.9238,3,449,"内蒙古自治区",NA
115.2246,41.5723,3,450,"内蒙古自治区",NA
114.9609,41.6162,3,451,"内蒙古自治区",NA
114.873,42.0996,3,452,"内蒙古自治区",NA
114.5215,42.1436,3,453,"内蒙古自治区",NA
114.1699,41.792,3,454,"内蒙古自治区",NA
114.2578,41.5723,3,455,"内蒙古自治区",NA
113.9063,41.4404,3,456,"内蒙古自治区",NA
113.9941,41.2207,3,457,"内蒙古自治区",NA
113.9063,41.1328,3,458,"内蒙古自治区",NA
114.082,40.7373,3,459,"内蒙古自治区",NA
114.082,40.5176,3,460,"内蒙古自治区",NA
113.8184,40.5176,3,461,"内蒙古自治区",NA
113.5547,40.3418,3,462,"内蒙古自治区",NA
113.2031,40.3857,3,463,"内蒙古自治区",NA
112.7637,40.166,3,464,"内蒙古自治区",NA
112.3242,40.2539,3,465,"内蒙古自治区",NA
111.9727,39.5947,3,466,"内蒙古自治区",NA
111.4453,39.6387,3,467,"内蒙古自治区",NA
111.3574,39.4189,3,468,"内蒙古自治区",NA
111.0938,39.375,3,469,"内蒙古自治区",NA
111.0938,39.5947,3,470,"内蒙古自治区",NA
110.6543,39.2871,3,471,"内蒙古自治区",NA
110.127,39.4629,3,472,"内蒙古自治区",NA
110.2148,39.2871,3,473,"内蒙古自治区",NA
109.8633,39.2432,3,474,"内蒙古自治区",NA
109.9512,39.1553,3,475,"内蒙古自治区",NA
108.9844,38.3203,3,476,"内蒙古自治区",NA
109.0723,38.0127,3,477,"内蒙古自治区",NA
108.8965,37.9688,3,478,"内蒙古自治区",NA
108.8086,38.0127,3,479,"内蒙古自治区",NA
108.7207,37.7051,3,480,"内蒙古自治区",NA
108.1934,37.6172,3,481,"内蒙古自治区",NA
107.666,37.8809,3,482,"内蒙古自治区",NA
107.3145,38.1006,3,483,"内蒙古自治区",NA
106.7871,38.1885,3,484,"内蒙古自治区",NA
106.5234,38.3203,3,485,"内蒙古自治区",NA
106.9629,38.9795,3,486,"内蒙古自治区",NA
106.7871,39.375,3,487,"内蒙古自治区",NA
106.3477,39.2871,3,488,"内蒙古自治区",NA
105.9082,38.7158,3,489,"内蒙古自治区",NA
105.8203,37.793,3,490,"内蒙古自治区",NA
104.3262,37.4414,3,491,"内蒙古自治区",NA
103.4473,37.8369,3,492,"内蒙古自治区",NA
103.3594,38.0127,3,493,"内蒙古自治区",NA
103.5352,38.1445,3,494,"内蒙古自治区",NA
103.4473,38.3643,3,495,"内蒙古自治区",NA
104.2383,38.9795,3,496,"内蒙古自治区",NA
104.0625,39.4189,3,497,"内蒙古自治区",NA
103.3594,39.3311,3,498,"内蒙古自治区",NA
103.0078,39.1113,3,499,"内蒙古自治区",NA
102.4805,39.2432,3,500,"内蒙古自治区",NA
101.8652,39.1113,3,501,"内蒙古自治区",NA
102.041,38.8916,3,502,"内蒙古自治区",NA
101.7773,38.6719,3,503,"内蒙古自治区",NA
101.3379,38.7598,3,504,"内蒙古自治区",NA
101.25,39.0234,3,505,"内蒙古自治区",NA
100.9863,38.9355,3,506,"内蒙古自治区",NA
100.8105,39.4189,3,507,"内蒙古自治区",NA
100.5469,39.4189,3,508,"内蒙古自治区",NA
100.0195,39.7705,3,509,"内蒙古自治区",NA
99.4922,39.8584,3,510,"内蒙古自治区",NA
100.1074,40.2539,3,511,"内蒙古自治区",NA
100.1953,40.6494,3,512,"内蒙古自治区",NA
99.9316,41.001,3,513,"内蒙古自治区",NA
99.2285,40.8691,3,514,"内蒙古自治区",NA
99.0527,40.6934,3,515,"内蒙古自治区",NA
98.9648,40.7813,3,516,"内蒙古自治区",NA
98.7891,40.6055,3,517,"内蒙古自治区",NA
98.5254,40.7373,3,518,"内蒙古自治区",NA
98.6133,40.6494,3,519,"内蒙古自治区",NA
98.3496,40.5615,3,520,"内蒙古自治区",NA
98.3496,40.9131,3,521,"内蒙古自治区",NA
97.4707,41.4844,3,522,"内蒙古自治区",NA
97.8223,41.6162,3,523,"内蒙古自治区",NA
97.8223,41.748,3,524,"内蒙古自治区",NA
97.207,42.8027,3,525,"内蒙古自治区",NA
89.7363,36.0791,4,527,"青海省",NA
89.9121,36.0791,4,528,"青海省",NA
90,36.2549,4,529,"青海省",NA
90.8789,36.0352,4,530,"青海省",NA
91.0547,36.0791,4,531,"青海省",NA
91.0547,36.5186,4,532,"青海省",NA
90.791,36.6064,4,533,"青海省",NA
90.7031,36.7822,4,534,"青海省",NA
91.3184,37.0898,4,535,"青海省",NA
91.0547,37.4414,4,536,"青海省",NA
90.5273,37.8369,4,537,"青海省",NA
90.6152,38.3203,4,538,"青海省",NA
90.3516,38.2324,4,539,"青海省",NA
90.1758,38.4961,4,540,"青海省",NA
92.373,39.0234,4,541,"青海省",NA
92.373,39.1113,4,542,"青海省",NA
93.1641,39.1992,4,543,"青海省",NA
93.1641,38.9795,4,544,"青海省",NA
93.6914,38.9355,4,545,"青海省",NA
93.8672,38.7158,4,546,"青海省",NA
94.3066,38.7598,4,547,"青海省",NA
94.5703,38.3643,4,548,"青海省",NA
95.0098,38.4082,4,549,"青海省",NA
95.4492,38.2764,4,550,"青海省",NA
95.7129,38.3643,4,551,"青海省",NA
96.2402,38.1006,4,552,"青海省",NA
96.416,38.2324,4,553,"青海省",NA
96.6797,38.1885,4,554,"青海省",NA
96.6797,38.4521,4,555,"青海省",NA
97.1191,38.584,4,556,"青海省",NA
97.0313,39.1992,4,557,"青海省",NA
98.1738,38.8037,4,558,"青海省",NA
98.3496,39.0234,4,559,"青海省",NA
98.6133,38.9355,4,560,"青海省",NA
98.7891,39.0674,4,561,"青海省",NA
99.1406,38.9355,4,562,"青海省",NA
99.8438,38.3643,4,563,"青海省",NA
100.1953,38.2764,4,564,"青海省",NA
100.0195,38.4521,4,565,"青海省",NA
100.1074,38.4961,4,566,"青海省",NA
100.459,38.2764,4,567,"青海省",NA
100.7227,38.2324,4,568,"青海省",NA
101.1621,37.8369,4,569,"青海省",NA
101.5137,37.8809,4,570,"青海省",NA
101.7773,37.6172,4,571,"青海省",NA
101.9531,37.7051,4,572,"青海省",NA
102.1289,37.4414,4,573,"青海省",NA
102.5684,37.1777,4,574,"青海省",NA
102.4805,36.958,4,575,"青海省",NA
102.6563,36.8262,4,576,"青海省",NA
102.5684,36.7383,4,577,"青海省",NA
102.832,36.3428,4,578,"青海省",NA
103.0078,36.2549,4,579,"青海省",NA
102.9199,36.0791,4,580,"青海省",NA
102.9199,35.9033,4,581,"青海省",NA
102.6563,35.7715,4,582,"青海省",NA
102.832,35.5957,4,583,"青海省",NA
102.4805,35.5957,4,584,"青海省",NA
102.3047,35.4199,4,585,"青海省",NA
102.3926,35.2002,4,586,"青海省",NA
101.9531,34.8486,4,587,"青海省",NA
101.9531,34.6289,4,588,"青海省",NA
102.2168,34.4092,4,589,"青海省",NA
102.1289,34.2773,4,590,"青海省",NA
101.6895,34.1016,4,591,"青海省",NA
100.9863,34.3652,4,592,"青海省",NA
100.8105,34.2773,4,593,"青海省",NA
101.25,33.6621,4,594,"青海省",NA
101.5137,33.7061,4,595,"青海省",NA
101.6016,33.5303,4,596,"青海省",NA
101.7773,33.5303,4,597,"青海省",NA
101.6895,33.3105,4,598,"青海省",NA
101.7773,33.2227,4,599,"青海省",NA
101.6016,33.1348,4,600,"青海省",NA
101.1621,33.2227,4,601,"青海省",NA
101.25,32.6953,4,602,"青海省",NA
100.7227,32.6514,4,603,"青海省",NA
100.7227,32.5195,4,604,"青海省",NA
100.3711,32.7393,4,605,"青海省",NA
100.1074,32.6514,4,606,"青海省",NA
100.1074,32.8711,4,607,"青海省",NA
99.8438,33.0029,4,608,"青海省",NA
99.7559,32.7393,4,609,"青海省",NA
99.2285,32.915,4,610,"青海省",NA
99.2285,33.0469,4,611,"青海省",NA
98.877,33.1787,4,612,"青海省",NA
98.4375,34.0576,4,613,"青海省",NA
97.8223,34.1895,4,614,"青海省",NA
97.6465,34.1016,4,615,"青海省",NA
97.7344,33.9258,4,616,"青海省",NA
97.3828,33.8818,4,617,"青海省",NA
97.4707,33.5742,4,618,"青海省",NA
97.7344,33.3984,4,619,"青海省",NA
97.3828,32.8711,4,620,"青海省",NA
97.4707,32.6953,4,621,"青海省",NA
97.7344,32.5195,4,622,"青海省",NA
97.3828,32.5635,4,623,"青海省",NA
97.2949,32.0801,4,624,"青海省",NA
96.7676,31.9922,4,625,"青海省",NA
96.8555,31.6846,4,626,"青海省",NA
96.5039,31.7285,4,627,"青海省",NA
96.2402,31.9482,4,628,"青海省",NA
96.1523,31.5967,4,629,"青海省",NA
95.9766,31.8164,4,630,"青海省",NA
95.8008,31.6846,4,631,"青海省",NA
95.4492,31.8164,4,632,"青海省",NA
95.3613,31.9922,4,633,"青海省",NA
95.3613,32.168,4,634,"青海省",NA
95.2734,32.2119,4,635,"青海省",NA
95.1855,32.3438,4,636,"青海省",NA
95.0098,32.2998,4,637,"青海省",NA
95.1855,32.4316,4,638,"青海省",NA
94.6582,32.6074,4,639,"青海省",NA
94.1309,32.4316,4,640,"青海省",NA
93.7793,32.5635,4,641,"青海省",NA
93.5156,32.4756,4,642,"青海省",NA
92.9883,32.7393,4,643,"青海省",NA
92.2852,32.7393,4,644,"青海省",NA
92.1973,32.8271,4,645,"青海省",NA
91.9336,32.8271,4,646,"青海省",NA
91.4063,33.1348,4,647,"青海省",NA
90.7031,33.1348,4,648,"青海省",NA
90.0879,33.4863,4,649,"青海省",NA
89.6484,34.0137,4,650,"青海省",NA
89.8242,34.3652,4,651,"青海省",NA
89.7363,34.6729,4,652,"青海省",NA
89.8242,34.8486,4,653,"青海省",NA
89.5605,34.8926,4,654,"青海省",NA
89.4727,35.2441,4,655,"青海省",NA
89.4727,35.376,4,656,"青海省",NA
89.7363,35.4199,4,657,"青海省",NA
89.7363,35.7715,4,658,"青海省",NA
89.4727,35.9033,4,659,"青海省",NA
89.3848,36.0352,4,660,"青海省",NA
89.7363,36.0791,4,661,"青海省",NA
101.7773,33.5303,5,663,"四川省",NA
101.8652,33.5742,5,664,"四川省",NA
101.9531,33.4424,5,665,"四川省",NA
101.8652,33.0908,5,666,"四川省",NA
102.4805,33.4424,5,667,"四川省",NA
102.2168,33.9258,5,668,"四川省",NA
102.9199,34.3213,5,669,"四川省",NA
103.0957,34.1895,5,670,"四川省",NA
103.1836,33.7939,5,671,"四川省",NA
104.1504,33.6182,5,672,"四川省",NA
104.2383,33.3984,5,673,"四川省",NA
104.4141,33.3105,5,674,"四川省",NA
104.3262,33.2227,5,675,"四川省",NA
104.4141,33.0469,5,676,"四川省",NA
104.3262,32.8711,5,677,"四川省",NA
104.4141,32.7393,5,678,"四川省",NA
105.2051,32.6074,5,679,"四川省",NA
105.3809,32.7393,5,680,"四川省",NA
105.3809,32.8711,5,681,"四川省",NA
105.4688,32.915,5,682,"四川省",NA
105.5566,32.7393,5,683,"四川省",NA
106.084,32.8711,5,684,"四川省",NA
106.084,32.7393,5,685,"四川省",NA
106.3477,32.6514,5,686,"四川省",NA
107.0508,32.6953,5,687,"四川省",NA
107.1387,32.4756,5,688,"四川省",NA
107.2266,32.4316,5,689,"四川省",NA
107.4023,32.5195,5,690,"四川省",NA
108.0176,32.168,5,691,"四川省",NA
108.2813,32.2559,5,692,"四川省",NA
108.5449,32.2119,5,693,"四川省",NA
108.3691,32.168,5,694,"四川省",NA
108.2813,31.9043,5,695,"四川省",NA
108.5449,31.6846,5,696,"四川省",NA
108.1934,31.5088,5,697,"四川省",NA
107.9297,30.8496,5,698,"四川省",NA
107.4902,30.8496,5,699,"四川省",NA
107.4023,30.7617,5,700,"四川省",NA
107.4902,30.6299,5,701,"四川省",NA
107.0508,30.0146,5,702,"四川省",NA
106.7871,30.0146,5,703,"四川省",NA
106.6113,30.3223,5,704,"四川省",NA
106.2598,30.1904,5,705,"四川省",NA
105.8203,30.4541,5,706,"四川省",NA
105.6445,30.2783,5,707,"四川省",NA
105.5566,30.1025,5,708,"四川省",NA
105.7324,29.8828,5,709,"四川省",NA
105.293,29.5313,5,710,"四川省",NA
105.4688,29.3115,5,711,"四川省",NA
105.7324,29.2676,5,712,"四川省",NA
105.8203,28.96,5,713,"四川省",NA
106.2598,28.8721,5,714,"四川省",NA
106.3477,28.5205,5,715,"四川省",NA
105.9961,28.7402,5,716,"四川省",NA
105.6445,28.4326,5,717,"四川省",NA
105.9082,28.125,5,718,"四川省",NA
106.1719,28.125,5,719,"四川省",NA
106.3477,27.8174,5,720,"四川省",NA
105.6445,27.6416,5,721,"四川省",NA
105.5566,27.7734,5,722,"四川省",NA
105.293,27.7295,5,723,"四川省",NA
105.2051,27.9932,5,724,"四川省",NA
105.0293,28.0811,5,725,"四川省",NA
104.8535,27.9053,5,726,"四川省",NA
104.4141,27.9492,5,727,"四川省",NA
104.3262,28.0371,5,728,"四川省",NA
104.4141,28.125,5,729,"四川省",NA
104.4141,28.2568,5,730,"四川省",NA
104.2383,28.4326,5,731,"四川省",NA
104.4141,28.6084,5,732,"四川省",NA
103.8867,28.6523,5,733,"四川省",NA
103.7988,28.3008,5,734,"四川省",NA
103.4473,28.125,5,735,"四川省",NA
103.4473,27.7734,5,736,"四川省",NA
102.9199,27.29,5,737,"四川省",NA
103.0078,26.3672,5,738,"四川省",NA
102.6563,26.1914,5,739,"四川省",NA
102.5684,26.3672,5,740,"四川省",NA
102.1289,26.1035,5,741,"四川省",NA
101.8652,26.0596,5,742,"四川省",NA
101.6016,26.2354,5,743,"四川省",NA
101.6895,26.3672,5,744,"四川省",NA
101.4258,26.5869,5,745,"四川省",NA
101.4258,26.8066,5,746,"四川省",NA
101.4258,26.7188,5,747,"四川省",NA
101.1621,27.0264,5,748,"四川省",NA
101.1621,27.1582,5,749,"四川省",NA
100.7227,27.8613,5,750,"四川省",NA
100.3711,27.8174,5,751,"四川省",NA
100.2832,27.7295,5,752,"四川省",NA
100.0195,28.125,5,753,"四川省",NA
100.1953,28.3447,5,754,"四川省",NA
99.668,28.8281,5,755,"四川省",NA
99.4043,28.5205,5,756,"四川省",NA
99.4043,28.1689,5,757,"四川省",NA
99.2285,28.3008,5,758,"四川省",NA
99.1406,29.2676,5,759,"四川省",NA
98.9648,30.7617,5,760,"四川省",NA
98.6133,31.2012,5,761,"四川省",NA
98.877,31.4209,5,762,"四川省",NA
98.4375,31.8604,5,763,"四川省",NA
98.1738,32.3438,5,764,"四川省",NA
97.7344,32.5195,5,765,"四川省",NA
97.4707,32.6953,5,766,"四川省",NA
97.3828,32.8711,5,767,"四川省",NA
97.7344,33.3984,5,768,"四川省",NA
97.4707,33.5742,5,769,"四川省",NA
97.3828,33.8818,5,770,"四川省",NA
97.7344,33.9258,5,771,"四川省",NA
97.6465,34.1016,5,772,"四川省",NA
97.8223,34.1895,5,773,"四川省",NA
98.4375,34.0576,5,774,"四川省",NA
98.877,33.1787,5,775,"四川省",NA
99.2285,33.0469,5,776,"四川省",NA
99.2285,32.915,5,777,"四川省",NA
99.7559,32.7393,5,778,"四川省",NA
99.8438,33.0029,5,779,"四川省",NA
100.1074,32.8711,5,780,"四川省",NA
100.1074,32.6514,5,781,"四川省",NA
100.3711,32.7393,5,782,"四川省",NA
100.7227,32.5195,5,783,"四川省",NA
100.7227,32.6514,5,784,"四川省",NA
101.25,32.6953,5,785,"四川省",NA
101.1621,33.2227,5,786,"四川省",NA
101.6016,33.1348,5,787,"四川省",NA
101.7773,33.2227,5,788,"四川省",NA
101.6895,33.3105,5,789,"四川省",NA
101.7773,33.5303,5,790,"四川省",NA
121.4648,53.3496,6,792,"黑龙江省",NA
123.6621,53.5693,6,793,"黑龙江省",NA
124.8926,53.0859,6,794,"黑龙江省",NA
125.0684,53.2178,6,795,"黑龙江省",NA
125.5957,53.0859,6,796,"黑龙江省",NA
125.6836,52.9102,6,797,"黑龙江省",NA
126.123,52.7783,6,798,"黑龙江省",NA
126.0352,52.6025,6,799,"黑龙江省",NA
126.2109,52.5146,6,800,"黑龙江省",NA
126.3867,52.2949,6,801,"黑龙江省",NA
126.3867,52.207,6,802,"黑龙江省",NA
126.5625,52.1631,6,803,"黑龙江省",NA
126.4746,51.9434,6,804,"黑龙江省",NA
126.9141,51.3721,6,805,"黑龙江省",NA
126.8262,51.2842,6,806,"黑龙江省",NA
127.002,51.3281,6,807,"黑龙江省",NA
126.9141,51.1084,6,808,"黑龙江省",NA
127.2656,50.7568,6,809,"黑龙江省",NA
127.3535,50.2734,6,810,"黑龙江省",NA
127.6172,50.2295,6,811,"黑龙江省",NA
127.5293,49.8779,6,812,"黑龙江省",NA
127.793,49.6143,6,813,"黑龙江省",NA
128.7598,49.5703,6,814,"黑龙江省",NA
129.1113,49.3506,6,815,"黑龙江省",NA
129.4629,49.4385,6,816,"黑龙江省",NA
130.2539,48.8672,6,817,"黑龙江省",NA
130.6934,48.8672,6,818,"黑龙江省",NA
130.5176,48.6475,6,819,"黑龙江省",NA
130.8691,48.2959,6,820,"黑龙江省",NA
130.6934,48.1201,6,821,"黑龙江省",NA
131.0449,47.6807,6,822,"黑龙江省",NA
132.5391,47.7246,6,823,"黑龙江省",NA
132.627,47.9443,6,824,"黑龙江省",NA
133.0664,48.1201,6,825,"黑龙江省",NA
133.5059,48.1201,6,826,"黑龙江省",NA
134.209,48.3838,6,827,"黑龙江省",NA
135.0879,48.4277,6,828,"黑龙江省",NA
134.7363,48.252,6,829,"黑龙江省",NA
134.5605,47.9883,6,830,"黑龙江省",NA
134.7363,47.6807,6,831,"黑龙江省",NA
134.5605,47.4609,6,832,"黑龙江省",NA
134.3848,47.4609,6,833,"黑龙江省",NA
134.209,47.2852,6,834,"黑龙江省",NA
134.209,47.1533,6,835,"黑龙江省",NA
133.8574,46.5381,6,836,"黑龙江省",NA
133.9453,46.2744,6,837,"黑龙江省",NA
133.5059,45.835,6,838,"黑龙江省",NA
133.418,45.5713,6,839,"黑龙江省",NA
133.2422,45.5273,6,840,"黑龙江省",NA
133.0664,45.1318,6,841,"黑龙江省",NA
132.8906,45.0439,6,842,"黑龙江省",NA
131.9238,45.3516,6,843,"黑龙江省",NA
131.5723,45.0439,6,844,"黑龙江省",NA
131.0449,44.8682,6,845,"黑龙江省",NA
131.3086,44.0771,6,846,"黑龙江省",NA
131.2207,43.7256,6,847,"黑龙江省",NA
131.3086,43.4619,6,848,"黑龙江省",NA
130.8691,43.418,6,849,"黑龙江省",NA
130.5176,43.6377,6,850,"黑龙江省",NA
130.3418,43.9893,6,851,"黑龙江省",NA
129.9902,43.8574,6,852,"黑龙江省",NA
129.9023,44.0332,6,853,"黑龙江省",NA
129.8145,43.9014,6,854,"黑龙江省",NA
129.2871,43.8135,6,855,"黑龙江省",NA
129.1992,43.5938,6,856,"黑龙江省",NA
128.8477,43.5498,6,857,"黑龙江省",NA
128.4961,44.165,6,858,"黑龙江省",NA
128.4082,44.4727,6,859,"黑龙江省",NA
128.0566,44.3408,6,860,"黑龙江省",NA
128.0566,44.1211,6,861,"黑龙江省",NA
127.7051,44.1211,6,862,"黑龙江省",NA
127.5293,44.6045,6,863,"黑龙江省",NA
127.0898,44.6045,6,864,"黑龙江省",NA
127.002,44.7803,6,865,"黑龙江省",NA
127.0898,45,6,866,"黑龙江省",NA
126.9141,45.1318,6,867,"黑龙江省",NA
126.5625,45.2637,6,868,"黑龙江省",NA
126.0352,45.1758,6,869,"黑龙江省",NA
125.7715,45.3076,6,870,"黑龙江省",NA
125.6836,45.5273,6,871,"黑龙江省",NA
125.0684,45.3955,6,872,"黑龙江省",NA
124.8926,45.5273,6,873,"黑龙江省",NA
124.3652,45.4395,6,874,"黑龙江省",NA
124.0137,45.7471,6,875,"黑龙江省",NA
123.9258,46.2305,6,876,"黑龙江省",NA
123.2227,46.2305,6,877,"黑龙江省",NA
123.0469,46.582,6,878,"黑龙江省",NA
123.5742,46.6699,6,879,"黑龙江省",NA
123.5742,46.8896,6,880,"黑龙江省",NA
123.5742,46.8457,6,881,"黑龙江省",NA
123.4863,46.9775,6,882,"黑龙江省",NA
123.3984,46.9775,6,883,"黑龙江省",NA
123.3984,46.8896,6,884,"黑龙江省",NA
123.0469,46.7139,6,885,"黑龙江省",NA
122.4316,47.373,6,886,"黑龙江省",NA
124.2773,48.5156,6,887,"黑龙江省",NA
124.4531,48.1201,6,888,"黑龙江省",NA
124.8047,49.1309,6,889,"黑龙江省",NA
125.2441,49.1748,6,890,"黑龙江省",NA
125.1563,49.834,6,891,"黑龙江省",NA
125.332,50.1416,6,892,"黑龙江省",NA
125.7715,50.5371,6,893,"黑龙江省",NA
125.7715,50.7568,6,894,"黑龙江省",NA
126.0352,51.0205,6,895,"黑龙江省",NA
125.332,51.6357,6,896,"黑龙江省",NA
125.0684,51.6357,6,897,"黑龙江省",NA
124.8926,51.3721,6,898,"黑龙江省",NA
124.541,51.3721,6,899,"黑龙江省",NA
124.3652,51.2842,6,900,"黑龙江省",NA
123.6621,51.3721,6,901,"黑龙江省",NA
123.3105,51.2402,6,902,"黑龙江省",NA
122.959,51.3281,6,903,"黑龙江省",NA
122.6074,52.0752,6,904,"黑龙江省",NA
122.6953,52.251,6,905,"黑龙江省",NA
122.168,52.5146,6,906,"黑龙江省",NA
121.9922,52.2949,6,907,"黑龙江省",NA
121.7285,52.2949,6,908,"黑龙江省",NA
121.6406,52.4268,6,909,"黑龙江省",NA
121.2012,52.5586,6,910,"黑龙江省",NA
121.8164,53.042,6,911,"黑龙江省",NA
121.4648,53.3496,6,912,"黑龙江省",NA
96.416,42.7148,7,914,"甘肃省",NA
97.207,42.8027,7,915,"甘肃省",NA
97.8223,41.748,7,916,"甘肃省",NA
97.8223,41.6162,7,917,"甘肃省",NA
97.4707,41.4844,7,918,"甘肃省",NA
98.3496,40.9131,7,919,"甘肃省",NA
98.3496,40.5615,7,920,"甘肃省",NA
98.6133,40.6494,7,921,"甘肃省",NA
98.5254,40.7373,7,922,"甘肃省",NA
98.7891,40.6055,7,923,"甘肃省",NA
98.9648,40.7813,7,924,"甘肃省",NA
99.0527,40.6934,7,925,"甘肃省",NA
99.2285,40.8691,7,926,"甘肃省",NA
99.9316,41.001,7,927,"甘肃省",NA
100.1953,40.6494,7,928,"甘肃省",NA
100.1074,40.2539,7,929,"甘肃省",NA
99.4922,39.8584,7,930,"甘肃省",NA
100.0195,39.7705,7,931,"甘肃省",NA
100.5469,39.4189,7,932,"甘肃省",NA
100.8105,39.4189,7,933,"甘肃省",NA
100.9863,38.9355,7,934,"甘肃省",NA
101.25,39.0234,7,935,"甘肃省",NA
101.3379,38.7598,7,936,"甘肃省",NA
101.7773,38.6719,7,937,"甘肃省",NA
102.041,38.8916,7,938,"甘肃省",NA
101.8652,39.1113,7,939,"甘肃省",NA
102.4805,39.2432,7,940,"甘肃省",NA
103.0078,39.1113,7,941,"甘肃省",NA
103.3594,39.3311,7,942,"甘肃省",NA
104.0625,39.4189,7,943,"甘肃省",NA
104.2383,38.9795,7,944,"甘肃省",NA
103.4473,38.3643,7,945,"甘肃省",NA
103.5352,38.1445,7,946,"甘肃省",NA
103.3594,38.0127,7,947,"甘肃省",NA
103.4473,37.8369,7,948,"甘肃省",NA
104.3262,37.4414,7,949,"甘肃省",NA
104.5898,37.4414,7,950,"甘肃省",NA
104.5898,37.2217,7,951,"甘肃省",NA
104.8535,37.2217,7,952,"甘肃省",NA
105.293,36.8262,7,953,"甘肃省",NA
105.2051,36.6943,7,954,"甘肃省",NA
105.4688,36.123,7,955,"甘肃省",NA
105.293,35.9912,7,956,"甘肃省",NA
105.3809,35.7715,7,957,"甘肃省",NA
105.7324,35.7275,7,958,"甘肃省",NA
105.8203,35.5518,7,959,"甘肃省",NA
105.9961,35.4639,7,960,"甘肃省",NA
105.9082,35.4199,7,961,"甘肃省",NA
105.9961,35.4199,7,962,"甘肃省",NA
106.084,35.376,7,963,"甘肃省",NA
106.2598,35.4199,7,964,"甘肃省",NA
106.3477,35.2441,7,965,"甘肃省",NA
106.5234,35.332,7,966,"甘肃省",NA
106.4355,35.6836,7,967,"甘肃省",NA
106.6992,35.6836,7,968,"甘肃省",NA
106.9629,35.8154,7,969,"甘肃省",NA
106.875,36.123,7,970,"甘肃省",NA
106.5234,36.2549,7,971,"甘肃省",NA
106.5234,36.4746,7,972,"甘肃省",NA
106.4355,36.5625,7,973,"甘肃省",NA
106.6113,36.7822,7,974,"甘肃省",NA
106.6113,37.0898,7,975,"甘肃省",NA
107.3145,37.0898,7,976,"甘肃省",NA
107.3145,36.9141,7,977,"甘肃省",NA
108.7207,36.3428,7,978,"甘肃省",NA
108.6328,35.9912,7,979,"甘肃省",NA
108.5449,35.8594,7,980,"甘肃省",NA
108.6328,35.5518,7,981,"甘肃省",NA
108.5449,35.2881,7,982,"甘肃省",NA
107.7539,35.2881,7,983,"甘肃省",NA
107.7539,35.1123,7,984,"甘肃省",NA
107.8418,35.0244,7,985,"甘肃省",NA
107.666,34.9365,7,986,"甘肃省",NA
107.2266,34.8926,7,987,"甘肃省",NA
106.9629,35.0684,7,988,"甘肃省",NA
106.6113,35.0684,7,989,"甘肃省",NA
106.5234,34.7607,7,990,"甘肃省",NA
106.3477,34.585,7,991,"甘肃省",NA
106.6992,34.3213,7,992,"甘肃省",NA
106.5234,34.2773,7,993,"甘肃省",NA
106.6113,34.1455,7,994,"甘肃省",NA
106.4355,33.9258,7,995,"甘肃省",NA
106.5234,33.5303,7,996,"甘肃省",NA
105.9961,33.6182,7,997,"甘肃省",NA
105.7324,33.3984,7,998,"甘肃省",NA
105.9961,33.1787,7,999,"甘肃省",NA
105.9082,33.0029,7,1000,"甘肃省",NA
105.4688,32.915,7,1001,"甘肃省",NA
105.3809,32.8711,7,1002,"甘肃省",NA
105.3809,32.7393,7,1003,"甘肃省",NA
105.2051,32.6074,7,1004,"甘肃省",NA
104.4141,32.7393,7,1005,"甘肃省",NA
104.3262,32.8711,7,1006,"甘肃省",NA
104.4141,33.0469,7,1007,"甘肃省",NA
104.3262,33.2227,7,1008,"甘肃省",NA
104.4141,33.3105,7,1009,"甘肃省",NA
104.2383,33.3984,7,1010,"甘肃省",NA
104.1504,33.6182,7,1011,"甘肃省",NA
103.1836,33.7939,7,1012,"甘肃省",NA
103.0957,34.1895,7,1013,"甘肃省",NA
102.9199,34.3213,7,1014,"甘肃省",NA
102.2168,33.9258,7,1015,"甘肃省",NA
102.4805,33.4424,7,1016,"甘肃省",NA
101.8652,33.0908,7,1017,"甘肃省",NA
101.9531,33.4424,7,1018,"甘肃省",NA
101.8652,33.5742,7,1019,"甘肃省",NA
101.7773,33.5303,7,1020,"甘肃省",NA
101.6016,33.5303,7,1021,"甘肃省",NA
101.5137,33.7061,7,1022,"甘肃省",NA
101.25,33.6621,7,1023,"甘肃省",NA
100.8105,34.2773,7,1024,"甘肃省",NA
100.9863,34.3652,7,1025,"甘肃省",NA
101.6895,34.1016,7,1026,"甘肃省",NA
102.1289,34.2773,7,1027,"甘肃省",NA
102.2168,34.4092,7,1028,"甘肃省",NA
101.9531,34.6289,7,1029,"甘肃省",NA
101.9531,34.8486,7,1030,"甘肃省",NA
102.3926,35.2002,7,1031,"甘肃省",NA
102.3047,35.4199,7,1032,"甘肃省",NA
102.4805,35.5957,7,1033,"甘肃省",NA
102.832,35.5957,7,1034,"甘肃省",NA
102.6563,35.7715,7,1035,"甘肃省",NA
102.9199,35.9033,7,1036,"甘肃省",NA
102.9199,36.0791,7,1037,"甘肃省",NA
103.0078,36.2549,7,1038,"甘肃省",NA
102.832,36.3428,7,1039,"甘肃省",NA
102.5684,36.7383,7,1040,"甘肃省",NA
102.6563,36.8262,7,1041,"甘肃省",NA
102.4805,36.958,7,1042,"甘肃省",NA
102.5684,37.1777,7,1043,"甘肃省",NA
102.1289,37.4414,7,1044,"甘肃省",NA
101.9531,37.7051,7,1045,"甘肃省",NA
101.7773,37.6172,7,1046,"甘肃省",NA
101.5137,37.8809,7,1047,"甘肃省",NA
101.1621,37.8369,7,1048,"甘肃省",NA
100.7227,38.2324,7,1049,"甘肃省",NA
100.459,38.2764,7,1050,"甘肃省",NA
100.1074,38.4961,7,1051,"甘肃省",NA
100.0195,38.4521,7,1052,"甘肃省",NA
100.1953,38.2764,7,1053,"甘肃省",NA
99.8438,38.3643,7,1054,"甘肃省",NA
99.1406,38.9355,7,1055,"甘肃省",NA
98.7891,39.0674,7,1056,"甘肃省",NA
98.6133,38.9355,7,1057,"甘肃省",NA
98.3496,39.0234,7,1058,"甘肃省",NA
98.1738,38.8037,7,1059,"甘肃省",NA
97.0313,39.1992,7,1060,"甘肃省",NA
97.1191,38.584,7,1061,"甘肃省",NA
96.6797,38.4521,7,1062,"甘肃省",NA
96.6797,38.1885,7,1063,"甘肃省",NA
96.416,38.2324,7,1064,"甘肃省",NA
96.2402,38.1006,7,1065,"甘肃省",NA
95.7129,38.3643,7,1066,"甘肃省",NA
95.4492,38.2764,7,1067,"甘肃省",NA
95.0098,38.4082,7,1068,"甘肃省",NA
94.5703,38.3643,7,1069,"甘肃省",NA
94.3066,38.7598,7,1070,"甘肃省",NA
93.8672,38.7158,7,1071,"甘肃省",NA
93.6914,38.9355,7,1072,"甘肃省",NA
93.1641,38.9795,7,1073,"甘肃省",NA
93.1641,39.1992,7,1074,"甘肃省",NA
92.373,39.1113,7,1075,"甘肃省",NA
92.373,39.3311,7,1076,"甘肃省",NA
92.6367,39.6387,7,1077,"甘肃省",NA
93.0762,40.6494,7,1078,"甘肃省",NA
93.8672,40.6934,7,1079,"甘肃省",NA
94.043,41.0889,7,1080,"甘肃省",NA
94.5703,41.4844,7,1081,"甘肃省",NA
95.1855,41.792,7,1082,"甘肃省",NA
95.2734,41.6162,7,1083,"甘肃省",NA
95.9766,41.9238,7,1084,"甘肃省",NA
96.2402,42.2314,7,1085,"甘肃省",NA
96.0645,42.3193,7,1086,"甘肃省",NA
95.9766,42.4951,7,1087,"甘肃省",NA
96.416,42.7148,7,1088,"甘肃省",NA
98.1738,28.125,8,1090,"云南省",NA
98.2617,28.3887,8,1091,"云南省",NA
98.3496,28.125,8,1092,"云南省",NA
98.7012,28.2129,8,1093,"云南省",NA
98.7891,28.3447,8,1094,"云南省",NA
98.6133,28.5205,8,1095,"云南省",NA
98.7012,28.916,8,1096,"云南省",NA
98.7891,29.0039,8,1097,"云南省",NA
98.7891,28.8721,8,1098,"云南省",NA
98.9648,28.8281,8,1099,"云南省",NA
98.9648,29.1357,8,1100,"云南省",NA
99.1406,29.2676,8,1101,"云南省",NA
99.2285,28.3008,8,1102,"云南省",NA
99.4043,28.1689,8,1103,"云南省",NA
99.4043,28.5205,8,1104,"云南省",NA
99.668,28.8281,8,1105,"云南省",NA
100.1953,28.3447,8,1106,"云南省",NA
100.0195,28.125,8,1107,"云南省",NA
100.2832,27.7295,8,1108,"云南省",NA
100.3711,27.8174,8,1109,"云南省",NA
100.7227,27.8613,8,1110,"云南省",NA
101.1621,27.1582,8,1111,"云南省",NA
101.1621,27.0264,8,1112,"云南省",NA
101.4258,26.7188,8,1113,"云南省",NA
101.4258,26.8066,8,1114,"云南省",NA
101.4258,26.5869,8,1115,"云南省",NA
101.6895,26.3672,8,1116,"云南省",NA
101.6016,26.2354,8,1117,"云南省",NA
101.8652,26.0596,8,1118,"云南省",NA
102.1289,26.1035,8,1119,"云南省",NA
102.5684,26.3672,8,1120,"云南省",NA
102.6563,26.1914,8,1121,"云南省",NA
103.0078,26.3672,8,1122,"云南省",NA
102.9199,27.29,8,1123,"云南省",NA
103.4473,27.7734,8,1124,"云南省",NA
103.4473,28.125,8,1125,"云南省",NA
103.7988,28.3008,8,1126,"云南省",NA
103.8867,28.6523,8,1127,"云南省",NA
104.4141,28.6084,8,1128,"云南省",NA
104.2383,28.4326,8,1129,"云南省",NA
104.4141,28.2568,8,1130,"云南省",NA
104.4141,28.125,8,1131,"云南省",NA
104.3262,28.0371,8,1132,"云南省",NA
104.4141,27.9492,8,1133,"云南省",NA
104.8535,27.9053,8,1134,"云南省",NA
105.0293,28.0811,8,1135,"云南省",NA
105.2051,27.9932,8,1136,"云南省",NA
105.293,27.7295,8,1137,"云南省",NA
105.2051,27.3779,8,1138,"云南省",NA
104.5898,27.334,8,1139,"云南省",NA
104.4141,27.4658,8,1140,"云南省",NA
104.1504,27.2461,8,1141,"云南省",NA
103.8867,27.4219,8,1142,"云南省",NA
103.623,27.0264,8,1143,"云南省",NA
103.7109,26.9824,8,1144,"云南省",NA
103.7109,26.7627,8,1145,"云南省",NA
103.8867,26.543,8,1146,"云南省",NA
104.4141,26.6748,8,1147,"云南省",NA
104.6777,26.4111,8,1148,"云南省",NA
104.3262,25.708,8,1149,"云南省",NA
104.8535,25.2246,8,1150,"云南省",NA
104.5898,25.0488,8,1151,"云南省",NA
104.6777,24.9609,8,1152,"云南省",NA
104.502,24.7412,8,1153,"云南省",NA
104.6777,24.3457,8,1154,"云南省",NA
104.7656,24.4775,8,1155,"云南省",NA
105.0293,24.4336,8,1156,"云南省",NA
105.2051,24.082,8,1157,"云南省",NA
105.4688,24.0381,8,1158,"云南省",NA
105.5566,24.126,8,1159,"云南省",NA
105.9961,24.126,8,1160,"云南省",NA
106.1719,23.8184,8,1161,"云南省",NA
106.1719,23.5547,8,1162,"云南省",NA
105.6445,23.4229,8,1163,"云南省",NA
105.5566,23.2031,8,1164,"云南省",NA
105.293,23.3789,8,1165,"云南省",NA
104.8535,23.1592,8,1166,"云南省",NA
104.7656,22.8516,8,1167,"云南省",NA
104.3262,22.6758,8,1168,"云南省",NA
104.1504,22.8076,8,1169,"云南省",NA
103.9746,22.5439,8,1170,"云南省",NA
103.623,22.7637,8,1171,"云南省",NA
103.5352,22.5879,8,1172,"云南省",NA
103.3594,22.8076,8,1173,"云南省",NA
103.0957,22.4561,8,1174,"云南省",NA
102.4805,22.7637,8,1175,"云南省",NA
102.3047,22.4121,8,1176,"云南省",NA
101.8652,22.3682,8,1177,"云南省",NA
101.7773,22.5,8,1178,"云南省",NA
101.6016,22.1924,8,1179,"云南省",NA
101.8652,21.6211,8,1180,"云南省",NA
101.7773,21.1377,8,1181,"云南省",NA
101.6016,21.2256,8,1182,"云南省",NA
101.25,21.1816,8,1183,"云南省",NA
101.1621,21.7529,8,1184,"云南省",NA
100.6348,21.4453,8,1185,"云南省",NA
100.1074,21.4893,8,1186,"云南省",NA
99.9316,22.0605,8,1187,"云南省",NA
99.2285,22.1484,8,1188,"云南省",NA
99.4043,22.5879,8,1189,"云南省",NA
99.3164,22.7197,8,1190,"云南省",NA
99.4922,23.0713,8,1191,"云南省",NA
98.877,23.2031,8,1192,"云南省",NA
98.7012,23.9502,8,1193,"云南省",NA
98.877,24.126,8,1194,"云南省",NA
98.1738,24.082,8,1195,"云南省",NA
97.7344,23.8623,8,1196,"云南省",NA
97.5586,23.9063,8,1197,"云南省",NA
97.7344,24.126,8,1198,"云南省",NA
97.6465,24.4336,8,1199,"云南省",NA
97.5586,24.4336,8,1200,"云南省",NA
97.5586,24.7412,8,1201,"云南省",NA
97.7344,24.8291,8,1202,"云南省",NA
97.8223,25.2686,8,1203,"云南省",NA
98.1738,25.4004,8,1204,"云南省",NA
98.1738,25.6201,8,1205,"云南省",NA
98.3496,25.5762,8,1206,"云南省",NA
98.5254,25.8398,8,1207,"云南省",NA
98.7012,25.8838,8,1208,"云南省",NA
98.6133,26.0596,8,1209,"云南省",NA
98.7012,26.1475,8,1210,"云南省",NA
98.7891,26.5869,8,1211,"云南省",NA
98.7012,27.5098,8,1212,"云南省",NA
98.5254,27.6416,8,1213,"云南省",NA
98.3496,27.5098,8,1214,"云南省",NA
98.1738,28.125,8,1215,"云南省",NA
104.502,24.7412,9,1217,"广西壮族自治区",NA
104.6777,24.6094,9,1218,"广西壮族自治区",NA
105.2051,24.9609,9,1219,"广西壮族自治区",NA
105.9961,24.6533,9,1220,"广西壮族自治区",NA
106.1719,24.7852,9,1221,"广西壮族自治区",NA
106.1719,24.9609,9,1222,"广西壮族自治区",NA
106.875,25.1807,9,1223,"广西壮族自治区",NA
107.0508,25.2686,9,1224,"广西壮族自治区",NA
106.9629,25.4883,9,1225,"广西壮族自治区",NA
107.2266,25.6201,9,1226,"广西壮族自治区",NA
107.4902,25.2246,9,1227,"广西壮族自治区",NA
107.7539,25.2246,9,1228,"广西壮族自治区",NA
107.8418,25.1367,9,1229,"广西壮族自治区",NA
108.1055,25.2246,9,1230,"广西壮族自治区",NA
108.1934,25.4443,9,1231,"广西壮族自治区",NA
108.3691,25.5322,9,1232,"广西壮族自治区",NA
108.6328,25.3125,9,1233,"广西壮族自治区",NA
108.6328,25.5762,9,1234,"广西壮族自治区",NA
109.0723,25.5322,9,1235,"广西壮族自治区",NA
108.9844,25.752,9,1236,"广西壮族自治区",NA
109.3359,25.708,9,1237,"广西壮族自治区",NA
109.5117,26.0156,9,1238,"广西壮族自治区",NA
109.7754,25.8838,9,1239,"广西壮族自治区",NA
109.9512,26.1914,9,1240,"广西壮族自治区",NA
110.2148,25.9717,9,1241,"广西壮族自治区",NA
110.5664,26.3232,9,1242,"广西壮族自治区",NA
111.1816,26.3232,9,1243,"广西壮族自治区",NA
111.2695,26.2354,9,1244,"广西壮族自治区",NA
111.2695,25.8838,9,1245,"广西壮族自治区",NA
111.4453,25.8398,9,1246,"广西壮族自治区",NA
111.0059,25.0049,9,1247,"广西壮族自治区",NA
111.0938,24.9609,9,1248,"广西壮族自治区",NA
111.3574,25.1367,9,1249,"广西壮族自治区",NA
111.5332,24.6533,9,1250,"广西壮族自治区",NA
111.709,24.7852,9,1251,"广西壮族自治区",NA
112.0605,24.7412,9,1252,"广西壮族自治区",NA
111.8848,24.6533,9,1253,"广西壮族自治区",NA
112.0605,24.3457,9,1254,"广西壮族自治区",NA
111.8848,24.2139,9,1255,"广西壮族自治区",NA
111.8848,23.9941,9,1256,"广西壮族自治区",NA
111.7969,23.8184,9,1257,"广西壮族自治区",NA
111.6211,23.8184,9,1258,"广西壮族自治区",NA
111.6211,23.6865,9,1259,"广西壮族自治区",NA
111.3574,23.4668,9,1260,"广西壮族自治区",NA
111.4453,23.0273,9,1261,"广西壮族自治区",NA
111.2695,22.8076,9,1262,"广西壮族自治区",NA
110.7422,22.5439,9,1263,"广西壮族自治区",NA
110.7422,22.2803,9,1264,"广西壮族自治区",NA
110.6543,22.1484,9,1265,"广西壮族自治区",NA
110.3027,22.1484,9,1266,"广西壮族自治区",NA
110.3027,21.8848,9,1267,"广西壮族自治区",NA
109.9512,21.8408,9,1268,"广西壮族自治区",NA
109.8633,21.665,9,1269,"广西壮族自治区",NA
109.7754,21.6211,9,1270,"广西壮族自治区",NA
109.7754,21.4014,9,1271,"广西壮族自治区",NA
109.5996,21.4453,9,1272,"广西壮族自治区",NA
109.1602,21.3574,9,1273,"广西壮族自治区",NA
109.248,20.874,9,1274,"广西壮族自治区",NA
109.0723,20.9619,9,1275,"广西壮族自治区",NA
109.0723,21.5332,9,1276,"广西壮族自治区",NA
108.7207,21.5332,9,1277,"广西壮族自治区",NA
108.6328,21.665,9,1278,"广西壮族自治区",NA
108.2813,21.4893,9,1279,"广西壮族自治区",NA
107.8418,21.6211,9,1280,"广西壮族自治区",NA
107.4023,21.6211,9,1281,"广西壮族自治区",NA
107.0508,21.7969,9,1282,"广西壮族自治区",NA
107.0508,21.9287,9,1283,"广西壮族自治区",NA
106.6992,22.0166,9,1284,"广西壮族自治区",NA
106.6113,22.4121,9,1285,"广西壮族自治区",NA
106.7871,22.7637,9,1286,"广西壮族自治区",NA
106.6992,22.8955,9,1287,"广西壮族自治区",NA
105.9082,22.9395,9,1288,"广西壮族自治区",NA
105.5566,23.0713,9,1289,"广西壮族自治区",NA
105.5566,23.2031,9,1290,"广西壮族自治区",NA
105.6445,23.4229,9,1291,"广西壮族自治区",NA
106.1719,23.5547,9,1292,"广西壮族自治区",NA
106.1719,23.8184,9,1293,"广西壮族自治区",NA
105.9961,24.126,9,1294,"广西壮族自治区",NA
105.5566,24.126,9,1295,"广西壮族自治区",NA
105.4688,24.0381,9,1296,"广西壮族自治区",NA
105.2051,24.082,9,1297,"广西壮族自治区",NA
105.0293,24.4336,9,1298,"广西壮族自治区",NA
104.7656,24.4775,9,1299,"广西壮族自治区",NA
104.6777,24.3457,9,1300,"广西壮族自治区",NA
104.502,24.7412,9,1301,"广西壮族自治区",NA
109.248,28.4766,10,1303,"湖南省",NA
109.248,29.1357,10,1304,"湖南省",NA
109.5117,29.6191,10,1305,"湖南省",NA
109.6875,29.6191,10,1306,"湖南省",NA
109.7754,29.751,10,1307,"湖南省",NA
110.4785,29.6631,10,1308,"湖南省",NA
110.6543,29.751,10,1309,"湖南省",NA
110.4785,30.0146,10,1310,"湖南省",NA
110.8301,30.1465,10,1311,"湖南省",NA
111.7969,29.9268,10,1312,"湖南省",NA
112.2363,29.5313,10,1313,"湖南省",NA
112.5,29.6191,10,1314,"湖南省",NA
112.6758,29.5752,10,1315,"湖南省",NA
112.9395,29.7949,10,1316,"湖南省",NA
113.0273,29.751,10,1317,"湖南省",NA
112.9395,29.4873,10,1318,"湖南省",NA
113.0273,29.4434,10,1319,"湖南省",NA
113.5547,29.8389,10,1320,"湖南省",NA
113.5547,29.707,10,1321,"湖南省",NA
113.7305,29.5752,10,1322,"湖南省",NA
113.6426,29.3115,10,1323,"湖南省",NA
113.7305,29.0918,10,1324,"湖南省",NA
113.9063,29.0479,10,1325,"湖南省",NA
114.1699,28.8281,10,1326,"湖南省",NA
114.082,28.5645,10,1327,"湖南省",NA
114.2578,28.3447,10,1328,"湖南省",NA
113.7305,27.9492,10,1329,"湖南省",NA
113.6426,27.5977,10,1330,"湖南省",NA
113.6426,27.3779,10,1331,"湖南省",NA
113.8184,27.29,10,1332,"湖南省",NA
113.7305,27.1143,10,1333,"湖南省",NA
113.9063,26.9385,10,1334,"湖南省",NA
113.9063,26.6309,10,1335,"湖南省",NA
114.082,26.5869,10,1336,"湖南省",NA
113.9941,26.1914,10,1337,"湖南省",NA
114.2578,26.1475,10,1338,"湖南省",NA
113.9941,26.0596,10,1339,"湖南省",NA
113.9063,25.4443,10,1340,"湖南省",NA
113.6426,25.3125,10,1341,"湖南省",NA
113.2031,25.5322,10,1342,"湖南省",NA
112.8516,25.3564,10,1343,"湖南省",NA
113.0273,25.2246,10,1344,"湖南省",NA
113.0273,24.9609,10,1345,"湖南省",NA
112.8516,24.917,10,1346,"湖南省",NA
112.5879,25.1367,10,1347,"湖南省",NA
112.2363,25.1807,10,1348,"湖南省",NA
112.1484,24.873,10,1349,"湖南省",NA
112.0605,24.7412,10,1350,"湖南省",NA
111.709,24.7852,10,1351,"湖南省",NA
111.5332,24.6533,10,1352,"湖南省",NA
111.3574,25.1367,10,1353,"湖南省",NA
111.0938,24.9609,10,1354,"湖南省",NA
111.0059,25.0049,10,1355,"湖南省",NA
111.4453,25.8398,10,1356,"湖南省",NA
111.2695,25.8838,10,1357,"湖南省",NA
111.2695,26.2354,10,1358,"湖南省",NA
111.1816,26.3232,10,1359,"湖南省",NA
110.5664,26.3232,10,1360,"湖南省",NA
110.2148,25.9717,10,1361,"湖南省",NA
109.9512,26.1914,10,1362,"湖南省",NA
109.7754,25.8838,10,1363,"湖南省",NA
109.5117,26.0156,10,1364,"湖南省",NA
109.4238,26.2793,10,1365,"湖南省",NA
109.248,26.3232,10,1366,"湖南省",NA
109.4238,26.5869,10,1367,"湖南省",NA
109.3359,26.7188,10,1368,"湖南省",NA
109.5117,26.8066,10,1369,"湖南省",NA
109.5117,27.0264,10,1370,"湖南省",NA
109.3359,27.1582,10,1371,"湖南省",NA
108.8965,27.0264,10,1372,"湖南省",NA
108.8086,27.1143,10,1373,"湖南省",NA
109.4238,27.5977,10,1374,"湖南省",NA
109.3359,27.9053,10,1375,"湖南省",NA
109.3359,28.2568,10,1376,"湖南省",NA
109.248,28.4766,10,1377,"湖南省",NA
105.4688,32.915,11,1379,"陕西省",NA
105.9082,33.0029,11,1380,"陕西省",NA
105.9961,33.1787,11,1381,"陕西省",NA
105.7324,33.3984,11,1382,"陕西省",NA
105.9961,33.6182,11,1383,"陕西省",NA
106.5234,33.5303,11,1384,"陕西省",NA
106.4355,33.9258,11,1385,"陕西省",NA
106.6113,34.1455,11,1386,"陕西省",NA
106.5234,34.2773,11,1387,"陕西省",NA
106.6992,34.3213,11,1388,"陕西省",NA
106.3477,34.585,11,1389,"陕西省",NA
106.5234,34.7607,11,1390,"陕西省",NA
106.6113,35.0684,11,1391,"陕西省",NA
106.9629,35.0684,11,1392,"陕西省",NA
107.2266,34.8926,11,1393,"陕西省",NA
107.666,34.9365,11,1394,"陕西省",NA
107.8418,35.0244,11,1395,"陕西省",NA
107.7539,35.1123,11,1396,"陕西省",NA
107.7539,35.2881,11,1397,"陕西省",NA
108.5449,35.2881,11,1398,"陕西省",NA
108.6328,35.5518,11,1399,"陕西省",NA
108.5449,35.8594,11,1400,"陕西省",NA
108.6328,35.9912,11,1401,"陕西省",NA
108.7207,36.3428,11,1402,"陕西省",NA
107.3145,36.9141,11,1403,"陕西省",NA
107.3145,37.0898,11,1404,"陕西省",NA
107.3145,37.6172,11,1405,"陕西省",NA
107.666,37.8809,11,1406,"陕西省",NA
108.1934,37.6172,11,1407,"陕西省",NA
108.7207,37.7051,11,1408,"陕西省",NA
108.8086,38.0127,11,1409,"陕西省",NA
108.8965,37.9688,11,1410,"陕西省",NA
109.0723,38.0127,11,1411,"陕西省",NA
108.9844,38.3203,11,1412,"陕西省",NA
109.9512,39.1553,11,1413,"陕西省",NA
109.8633,39.2432,11,1414,"陕西省",NA
110.2148,39.2871,11,1415,"陕西省",NA
110.127,39.4629,11,1416,"陕西省",NA
110.6543,39.2871,11,1417,"陕西省",NA
111.0938,39.5947,11,1418,"陕西省",NA
111.0938,39.375,11,1419,"陕西省",NA
111.1816,39.2432,11,1420,"陕西省",NA
110.918,38.7158,11,1421,"陕西省",NA
110.8301,38.4961,11,1422,"陕西省",NA
110.4785,38.1885,11,1423,"陕西省",NA
110.4785,37.9688,11,1424,"陕西省",NA
110.8301,37.6611,11,1425,"陕西省",NA
110.3906,37.002,11,1426,"陕西省",NA
110.4785,36.123,11,1427,"陕西省",NA
110.5664,35.6396,11,1428,"陕西省",NA
110.2148,34.8926,11,1429,"陕西省",NA
110.2148,34.6729,11,1430,"陕西省",NA
110.3906,34.585,11,1431,"陕西省",NA
110.4785,34.2334,11,1432,"陕西省",NA
110.6543,34.1455,11,1433,"陕西省",NA
110.6543,33.8379,11,1434,"陕西省",NA
111.0059,33.5303,11,1435,"陕西省",NA
111.0059,33.2666,11,1436,"陕西省",NA
110.7422,33.1348,11,1437,"陕西省",NA
110.5664,33.2666,11,1438,"陕西省",NA
110.3027,33.1787,11,1439,"陕西省",NA
109.5996,33.2666,11,1440,"陕西省",NA
109.4238,33.1348,11,1441,"陕西省",NA
109.7754,33.0469,11,1442,"陕西省",NA
109.7754,32.915,11,1443,"陕西省",NA
110.127,32.7393,11,1444,"陕西省",NA
110.127,32.6074,11,1445,"陕西省",NA
109.6875,32.6074,11,1446,"陕西省",NA
109.5117,32.4316,11,1447,"陕西省",NA
109.5996,31.7285,11,1448,"陕西省",NA
109.248,31.7285,11,1449,"陕西省",NA
109.0723,31.9482,11,1450,"陕西省",NA
108.5449,32.2119,11,1451,"陕西省",NA
108.2813,32.2559,11,1452,"陕西省",NA
108.0176,32.168,11,1453,"陕西省",NA
107.4023,32.5195,11,1454,"陕西省",NA
107.2266,32.4316,11,1455,"陕西省",NA
107.1387,32.4756,11,1456,"陕西省",NA
107.0508,32.6953,11,1457,"陕西省",NA
106.3477,32.6514,11,1458,"陕西省",NA
106.084,32.7393,11,1459,"陕西省",NA
106.084,32.8711,11,1460,"陕西省",NA
105.5566,32.7393,11,1461,"陕西省",NA
105.4688,32.915,11,1462,"陕西省",NA
109.7754,21.4014,12,1464,"广东省","1"
109.7754,21.6211,12,1465,"广东省","1"
109.8633,21.665,12,1466,"广东省","1"
109.9512,21.8408,12,1467,"广东省","1"
110.3027,21.8848,12,1468,"广东省","1"
110.3027,22.1484,12,1469,"广东省","1"
110.6543,22.1484,12,1470,"广东省","1"
110.7422,22.2803,12,1471,"广东省","1"
110.7422,22.5439,12,1472,"广东省","1"
111.2695,22.8076,12,1473,"广东省","1"
111.4453,23.0273,12,1474,"广东省","1"
111.3574,23.4668,12,1475,"广东省","1"
111.6211,23.6865,12,1476,"广东省","1"
111.6211,23.8184,12,1477,"广东省","1"
111.7969,23.8184,12,1478,"广东省","1"
111.8848,23.9941,12,1479,"广东省","1"
111.8848,24.2139,12,1480,"广东省","1"
112.0605,24.3457,12,1481,"广东省","1"
111.8848,24.6533,12,1482,"广东省","1"
112.0605,24.7412,12,1483,"广东省","1"
112.1484,24.873,12,1484,"广东省","1"
112.2363,25.1807,12,1485,"广东省","1"
112.5879,25.1367,12,1486,"广东省","1"
112.8516,24.917,12,1487,"广东省","1"
113.0273,24.9609,12,1488,"广东省","1"
113.0273,25.2246,12,1489,"广东省","1"
112.8516,25.3564,12,1490,"广东省","1"
113.2031,25.5322,12,1491,"广东省","1"
113.6426,25.3125,12,1492,"广东省","1"
113.9063,25.4443,12,1493,"广东省","1"
113.9941,25.2686,12,1494,"广东省","1"
114.6094,25.4004,12,1495,"广东省","1"
114.7852,25.2686,12,1496,"广东省","1"
114.6973,25.1367,12,1497,"广东省","1"
114.4336,24.9609,12,1498,"广东省","1"
114.1699,24.6973,12,1499,"广东省","1"
114.4336,24.5215,12,1500,"广东省","1"
115.4004,24.7852,12,1501,"广东省","1"
115.8398,24.5654,12,1502,"广东省","1"
115.752,24.7852,12,1503,"广东省","1"
115.9277,24.917,12,1504,"广东省","1"
116.2793,24.7852,12,1505,"广东省","1"
116.3672,24.873,12,1506,"广东省","1"
116.543,24.6094,12,1507,"广东省","1"
116.7188,24.6533,12,1508,"广东省","1"
116.9824,24.1699,12,1509,"广东省","1"
116.9824,23.9063,12,1510,"广东省","1"
117.1582,23.5547,12,1511,"广东省","1"
117.334,23.2471,12,1512,"广东省","1"
116.8945,23.3789,12,1513,"广东省","1"
116.6309,23.1152,12,1514,"广东省","1"
116.543,22.8516,12,1515,"广东省","1"
115.9277,22.7197,12,1516,"广东省","1"
115.6641,22.7637,12,1517,"广东省","1"
115.5762,22.6318,12,1518,"广东省","1"
115.0488,22.6758,12,1519,"广东省","1"
114.6094,22.3682,12,1520,"广东省","1"
114.3457,22.5439,12,1521,"广东省","1"
113.9941,22.5,12,1522,"广东省","1"
113.8184,22.1924,12,1523,"广东省","1"
114.3457,22.1484,12,1524,"广东省","1"
114.4336,22.0166,12,1525,"广东省","1"
114.082,21.9287,12,1526,"广东省","1"
113.9941,21.7969,12,1527,"广东省","1"
113.5547,22.0166,12,1528,"广东省","1"
113.1152,21.8408,12,1529,"广东省","1"
112.9395,21.5771,12,1530,"广东省","1"
112.4121,21.4453,12,1531,"广东省","1"
112.2363,21.5332,12,1532,"广东省","1"
111.5332,21.4893,12,1533,"广东省","1"
111.2695,21.3574,12,1534,"广东省","1"
110.7422,21.3574,12,1535,"广东省","1"
110.6543,21.2256,12,1536,"广东省","1"
110.7422,20.918,12,1537,"广东省","1"
110.4785,20.874,12,1538,"广东省","1"
110.6543,20.2588,12,1539,"广东省","1"
110.5664,20.2588,12,1540,"广东省","1"
110.3906,20.127,12,1541,"广东省","1"
110.0391,20.127,12,1542,"广东省","1"
109.8633,20.127,12,1543,"广东省","1"
109.8633,20.3027,12,1544,"广东省","1"
109.5996,20.918,12,1545,"广东省","1"
109.7754,21.4014,12,1546,"广东省","1"
109.7754,21.4014,12,1547,"广东省","1"
113.5986,22.1649,13,1549,"广东省","2"
113.6096,22.1265,13,1550,"广东省","2"
113.5547,22.11,13,1551,"广东省","2"
113.5437,22.2034,13,1552,"广东省","2"
113.5767,22.2034,13,1553,"广东省","2"
113.5986,22.1649,13,1554,"广东省","2"
123.2227,46.2305,14,1556,"吉林省",NA
123.9258,46.2305,14,1557,"吉林省",NA
124.0137,45.7471,14,1558,"吉林省",NA
124.3652,45.4395,14,1559,"吉林省",NA
124.8926,45.5273,14,1560,"吉林省",NA
125.0684,45.3955,14,1561,"吉林省",NA
125.6836,45.5273,14,1562,"吉林省",NA
125.7715,45.3076,14,1563,"吉林省",NA
126.0352,45.1758,14,1564,"吉林省",NA
126.5625,45.2637,14,1565,"吉林省",NA
126.9141,45.1318,14,1566,"吉林省",NA
127.0898,45,14,1567,"吉林省",NA
127.002,44.7803,14,1568,"吉林省",NA
127.0898,44.6045,14,1569,"吉林省",NA
127.5293,44.6045,14,1570,"吉林省",NA
127.7051,44.1211,14,1571,"吉林省",NA
128.0566,44.1211,14,1572,"吉林省",NA
128.0566,44.3408,14,1573,"吉林省",NA
128.4082,44.4727,14,1574,"吉林省",NA
128.4961,44.165,14,1575,"吉林省",NA
128.8477,43.5498,14,1576,"吉林省",NA
129.1992,43.5938,14,1577,"吉林省",NA
129.2871,43.8135,14,1578,"吉林省",NA
129.8145,43.9014,14,1579,"吉林省",NA
129.9023,44.0332,14,1580,"吉林省",NA
129.9902,43.8574,14,1581,"吉林省",NA
130.3418,43.9893,14,1582,"吉林省",NA
130.5176,43.6377,14,1583,"吉林省",NA
130.8691,43.418,14,1584,"吉林省",NA
131.3086,43.4619,14,1585,"吉林省",NA
131.3086,43.3301,14,1586,"吉林省",NA
131.1328,42.9346,14,1587,"吉林省",NA
130.4297,42.7148,14,1588,"吉林省",NA
130.6055,42.6709,14,1589,"吉林省",NA
130.6055,42.4512,14,1590,"吉林省",NA
130.2539,42.7588,14,1591,"吉林省",NA
130.2539,42.8906,14,1592,"吉林省",NA
130.166,42.9785,14,1593,"吉林省",NA
129.9023,43.0225,14,1594,"吉林省",NA
129.7266,42.4951,14,1595,"吉林省",NA
129.375,42.4512,14,1596,"吉林省",NA
128.9355,42.0117,14,1597,"吉林省",NA
128.0566,42.0117,14,1598,"吉林省",NA
128.3203,41.5723,14,1599,"吉林省",NA
128.1445,41.3525,14,1600,"吉林省",NA
127.0898,41.5283,14,1601,"吉林省",NA
127.1777,41.5723,14,1602,"吉林省",NA
126.9141,41.792,14,1603,"吉林省",NA
126.6504,41.6602,14,1604,"吉林省",NA
126.4746,41.3965,14,1605,"吉林省",NA
126.123,40.957,14,1606,"吉林省",NA
125.6836,40.8691,14,1607,"吉林省",NA
125.5957,40.9131,14,1608,"吉林省",NA
125.7715,41.2207,14,1609,"吉林省",NA
125.332,41.6602,14,1610,"吉林省",NA
125.332,41.9678,14,1611,"吉林省",NA
125.4199,42.0996,14,1612,"吉林省",NA
125.332,42.1436,14,1613,"吉林省",NA
124.8926,42.8027,14,1614,"吉林省",NA
124.8926,43.0664,14,1615,"吉林省",NA
124.7168,43.0664,14,1616,"吉林省",NA
124.4531,42.8467,14,1617,"吉林省",NA
124.2773,43.2422,14,1618,"吉林省",NA
123.8379,43.4619,14,1619,"吉林省",NA
123.6621,43.374,14,1620,"吉林省",NA
123.3105,43.5059,14,1621,"吉林省",NA
123.4863,43.7256,14,1622,"吉林省",NA
123.1348,44.4727,14,1623,"吉林省",NA
122.3438,44.2529,14,1624,"吉林省",NA
122.0801,44.8682,14,1625,"吉林省",NA
122.2559,45.2637,14,1626,"吉林省",NA
121.9043,45.7031,14,1627,"吉林省",NA
121.7285,45.7471,14,1628,"吉林省",NA
121.8164,46.0107,14,1629,"吉林省",NA
122.2559,45.791,14,1630,"吉林省",NA
122.4316,45.8789,14,1631,"吉林省",NA
122.6953,45.7031,14,1632,"吉林省",NA
122.7832,46.0107,14,1633,"吉林省",NA
123.2227,46.2305,14,1634,"吉林省",NA
114.5215,39.5068,15,1636,"河北省","1"
114.3457,39.8584,15,1637,"河北省","1"
113.9941,39.9902,15,1638,"河北省","1"
114.5215,40.3418,15,1639,"河北省","1"
114.3457,40.3857,15,1640,"河北省","1"
114.2578,40.6055,15,1641,"河北省","1"
114.082,40.7373,15,1642,"河北省","1"
113.9063,41.1328,15,1643,"河北省","1"
113.9941,41.2207,15,1644,"河北省","1"
113.9063,41.4404,15,1645,"河北省","1"
114.2578,41.5723,15,1646,"河北省","1"
114.1699,41.792,15,1647,"河北省","1"
114.5215,42.1436,15,1648,"河北省","1"
114.873,42.0996,15,1649,"河北省","1"
114.9609,41.6162,15,1650,"河北省","1"
115.2246,41.5723,15,1651,"河北省","1"
115.9277,41.9238,15,1652,"河北省","1"
116.0156,41.792,15,1653,"河北省","1"
116.2793,42.0117,15,1654,"河北省","1"
116.8066,42.0117,15,1655,"河北省","1"
116.8945,42.4072,15,1656,"河北省","1"
117.334,42.4512,15,1657,"河北省","1"
117.5098,42.583,15,1658,"河北省","1"
117.7734,42.627,15,1659,"河北省","1"
118.0371,42.4072,15,1660,"河北省","1"
117.9492,42.2314,15,1661,"河北省","1"
118.125,42.0557,15,1662,"河北省","1"
118.3008,42.0996,15,1663,"河北省","1"
118.3008,41.792,15,1664,"河北省","1"
118.125,41.748,15,1665,"河北省","1"
118.3887,41.3086,15,1666,"河北省","1"
119.2676,41.3086,15,1667,"河北省","1"
118.8281,40.8252,15,1668,"河北省","1"
119.2676,40.5176,15,1669,"河北省","1"
119.5313,40.5615,15,1670,"河北省","1"
119.707,40.1221,15,1671,"河北省","1"
119.8828,39.9463,15,1672,"河北省","1"
119.5313,39.6826,15,1673,"河北省","1"
119.4434,39.4189,15,1674,"河北省","1"
118.916,39.0674,15,1675,"河北省","1"
118.4766,38.9355,15,1676,"河北省","1"
118.125,39.0234,15,1677,"河北省","1"
118.0371,39.1992,15,1678,"河北省","1"
118.0371,39.2432,15,1679,"河北省","1"
117.8613,39.4189,15,1680,"河北省","1"
117.9492,39.5947,15,1681,"河北省","1"
117.6855,39.5947,15,1682,"河北省","1"
117.5098,39.7705,15,1683,"河北省","1"
117.5098,39.9902,15,1684,"河北省","1"
117.6855,39.9902,15,1685,"河北省","1"
117.6855,40.0781,15,1686,"河北省","1"
117.4219,40.21,15,1687,"河北省","1"
117.2461,40.5176,15,1688,"河北省","1"
117.4219,40.6494,15,1689,"河北省","1"
116.9824,40.6934,15,1690,"河北省","1"
116.6309,41.0449,15,1691,"河北省","1"
116.3672,40.9131,15,1692,"河北省","1"
116.4551,40.7813,15,1693,"河北省","1"
116.1914,40.7813,15,1694,"河北省","1"
116.1035,40.6055,15,1695,"河北省","1"
115.752,40.5615,15,1696,"河北省","1"
115.9277,40.2539,15,1697,"河北省","1"
115.4004,39.9463,15,1698,"河北省","1"
115.4883,39.6387,15,1699,"河北省","1"
115.752,39.5068,15,1700,"河北省","1"
116.1914,39.5947,15,1701,"河北省","1"
116.3672,39.4629,15,1702,"河北省","1"
116.543,39.5947,15,1703,"河北省","1"
116.8066,39.5947,15,1704,"河北省","1"
116.8945,39.1113,15,1705,"河北省","1"
116.7188,38.9355,15,1706,"河北省","1"
116.7188,38.8037,15,1707,"河北省","1"
117.2461,38.54,15,1708,"河北省","1"
117.5977,38.6279,15,1709,"河北省","1"
117.9492,38.3203,15,1710,"河北省","1"
117.4219,37.8369,15,1711,"河北省","1"
116.8066,37.8369,15,1712,"河北省","1"
116.4551,37.4854,15,1713,"河北省","1"
116.2793,37.5732,15,1714,"河北省","1"
116.2793,37.3535,15,1715,"河北省","1"
116.0156,37.3535,15,1716,"河北省","1"
115.752,36.9141,15,1717,"河北省","1"
115.3125,36.5186,15,1718,"河北省","1"
115.4883,36.167,15,1719,"河北省","1"
115.3125,36.0791,15,1720,"河北省","1"
115.1367,36.2109,15,1721,"河北省","1"
114.9609,36.0791,15,1722,"河北省","1"
114.873,36.123,15,1723,"河北省","1"
113.7305,36.3428,15,1724,"河北省","1"
113.4668,36.6504,15,1725,"河北省","1"
113.7305,36.8701,15,1726,"河北省","1"
113.7305,37.1338,15,1727,"河北省","1"
114.1699,37.6611,15,1728,"河北省","1"
113.9941,37.7051,15,1729,"河北省","1"
113.8184,38.1445,15,1730,"河北省","1"
113.5547,38.2764,15,1731,"河北省","1"
113.5547,38.54,15,1732,"河北省","1"
113.8184,38.8037,15,1733,"河北省","1"
113.8184,38.9355,15,1734,"河北省","1"
113.9063,39.0234,15,1735,"河北省","1"
114.3457,39.0674,15,1736,"河北省","1"
114.5215,39.5068,15,1737,"河北省","1"
117.2461,40.0781,16,1739,"河北省","2"
117.1582,39.8145,16,1740,"河北省","2"
117.1582,39.6387,16,1741,"河北省","2"
116.8945,39.6826,16,1742,"河北省","2"
116.8945,39.8145,16,1743,"河北省","2"
116.8066,39.9902,16,1744,"河北省","2"
117.2461,40.0781,16,1745,"河北省","2"
110.2148,31.1572,17,1747,"湖北省",NA
110.127,31.377,17,1748,"湖北省",NA
109.6875,31.5527,17,1749,"湖北省",NA
109.7754,31.6846,17,1750,"湖北省",NA
109.5996,31.7285,17,1751,"湖北省",NA
109.5117,32.4316,17,1752,"湖北省",NA
109.6875,32.6074,17,1753,"湖北省",NA
110.127,32.6074,17,1754,"湖北省",NA
110.127,32.7393,17,1755,"湖北省",NA
109.7754,32.915,17,1756,"湖北省",NA
109.7754,33.0469,17,1757,"湖北省",NA
109.4238,33.1348,17,1758,"湖北省",NA
109.5996,33.2666,17,1759,"湖北省",NA
110.3027,33.1787,17,1760,"湖北省",NA
110.5664,33.2666,17,1761,"湖北省",NA
110.7422,33.1348,17,1762,"湖北省",NA
111.0059,33.2666,17,1763,"湖北省",NA
111.5332,32.6074,17,1764,"湖北省",NA
112.3242,32.3438,17,1765,"湖北省",NA
113.2031,32.4316,17,1766,"湖北省",NA
113.4668,32.2998,17,1767,"湖北省",NA
113.7305,32.4316,17,1768,"湖北省",NA
113.8184,31.8604,17,1769,"湖北省",NA
113.9941,31.7725,17,1770,"湖北省",NA
114.1699,31.8604,17,1771,"湖北省",NA
114.5215,31.7725,17,1772,"湖北省",NA
114.6094,31.5527,17,1773,"湖北省",NA
114.7852,31.4648,17,1774,"湖北省",NA
115.1367,31.5967,17,1775,"湖北省",NA
115.2246,31.4209,17,1776,"湖北省",NA
115.4004,31.4209,17,1777,"湖北省",NA
115.5762,31.2012,17,1778,"湖北省",NA
116.0156,31.0254,17,1779,"湖北省",NA
115.752,30.6738,17,1780,"湖北省",NA
116.1035,30.1904,17,1781,"湖北省",NA
116.1035,29.8389,17,1782,"湖北省",NA
115.9277,29.707,17,1783,"湖北省",NA
115.4883,29.7949,17,1784,"湖北省",NA
114.873,29.3994,17,1785,"湖北省",NA
114.2578,29.3555,17,1786,"湖北省",NA
113.9063,29.0479,17,1787,"湖北省",NA
113.7305,29.0918,17,1788,"湖北省",NA
113.6426,29.3115,17,1789,"湖北省",NA
113.7305,29.5752,17,1790,"湖北省",NA
113.5547,29.707,17,1791,"湖北省",NA
113.5547,29.8389,17,1792,"湖北省",NA
113.0273,29.4434,17,1793,"湖北省",NA
112.9395,29.4873,17,1794,"湖北省",NA
113.0273,29.751,17,1795,"湖北省",NA
112.9395,29.7949,17,1796,"湖北省",NA
112.6758,29.5752,17,1797,"湖北省",NA
112.5,29.6191,17,1798,"湖北省",NA
112.2363,29.5313,17,1799,"湖北省",NA
111.7969,29.9268,17,1800,"湖北省",NA
110.8301,30.1465,17,1801,"湖北省",NA
110.4785,30.0146,17,1802,"湖北省",NA
110.6543,29.751,17,1803,"湖北省",NA
110.4785,29.6631,17,1804,"湖北省",NA
109.7754,29.751,17,1805,"湖北省",NA
109.6875,29.6191,17,1806,"湖北省",NA
109.5117,29.6191,17,1807,"湖北省",NA
109.248,29.1357,17,1808,"湖北省",NA
109.0723,29.3555,17,1809,"湖北省",NA
108.9844,29.3115,17,1810,"湖北省",NA
108.6328,29.8389,17,1811,"湖北省",NA
108.457,29.7949,17,1812,"湖北省",NA
108.5449,30.2344,17,1813,"湖北省",NA
108.457,30.4102,17,1814,"湖北省",NA
108.6328,30.5859,17,1815,"湖北省",NA
108.8086,30.498,17,1816,"湖北省",NA
109.0723,30.6299,17,1817,"湖北省",NA
109.1602,30.542,17,1818,"湖北省",NA
109.248,30.6299,17,1819,"湖北省",NA
109.4238,30.542,17,1820,"湖北省",NA
109.8633,30.8936,17,1821,"湖北省",NA
110.0391,30.8057,17,1822,"湖北省",NA
110.2148,31.1572,17,1823,"湖北省",NA
104.1504,27.2461,18,1825,"贵州省",NA
104.4141,27.4658,18,1826,"贵州省",NA
104.5898,27.334,18,1827,"贵州省",NA
105.2051,27.3779,18,1828,"贵州省",NA
105.293,27.7295,18,1829,"贵州省",NA
105.5566,27.7734,18,1830,"贵州省",NA
105.6445,27.6416,18,1831,"贵州省",NA
106.3477,27.8174,18,1832,"贵州省",NA
106.1719,28.125,18,1833,"贵州省",NA
105.9082,28.125,18,1834,"贵州省",NA
105.6445,28.4326,18,1835,"贵州省",NA
105.9961,28.7402,18,1836,"贵州省",NA
106.3477,28.5205,18,1837,"贵州省",NA
106.5234,28.5645,18,1838,"贵州省",NA
106.4355,28.7842,18,1839,"贵州省",NA
106.5234,28.7842,18,1840,"贵州省",NA
106.6113,28.6523,18,1841,"贵州省",NA
106.6113,28.5205,18,1842,"贵州省",NA
106.6992,28.4766,18,1843,"贵州省",NA
106.875,28.7842,18,1844,"贵州省",NA
107.4023,28.8721,18,1845,"贵州省",NA
107.4023,29.1797,18,1846,"贵州省",NA
107.5781,29.2236,18,1847,"贵州省",NA
107.8418,29.1357,18,1848,"贵州省",NA
107.8418,29.0039,18,1849,"贵州省",NA
108.2813,29.0918,18,1850,"贵州省",NA
108.3691,28.6523,18,1851,"贵州省",NA
108.5449,28.6523,18,1852,"贵州省",NA
108.5449,28.3887,18,1853,"贵州省",NA
108.7207,28.4766,18,1854,"贵州省",NA
108.7207,28.2129,18,1855,"贵州省",NA
109.0723,28.2129,18,1856,"贵州省",NA
109.248,28.4766,18,1857,"贵州省",NA
109.3359,28.2568,18,1858,"贵州省",NA
109.3359,27.9053,18,1859,"贵州省",NA
109.4238,27.5977,18,1860,"贵州省",NA
108.8086,27.1143,18,1861,"贵州省",NA
108.8965,27.0264,18,1862,"贵州省",NA
109.3359,27.1582,18,1863,"贵州省",NA
109.5117,27.0264,18,1864,"贵州省",NA
109.5117,26.8066,18,1865,"贵州省",NA
109.3359,26.7188,18,1866,"贵州省",NA
109.4238,26.5869,18,1867,"贵州省",NA
109.248,26.3232,18,1868,"贵州省",NA
109.4238,26.2793,18,1869,"贵州省",NA
109.5117,26.0156,18,1870,"贵州省",NA
109.3359,25.708,18,1871,"贵州省",NA
108.9844,25.752,18,1872,"贵州省",NA
109.0723,25.5322,18,1873,"贵州省",NA
108.6328,25.5762,18,1874,"贵州省",NA
108.6328,25.3125,18,1875,"贵州省",NA
108.3691,25.5322,18,1876,"贵州省",NA
108.1934,25.4443,18,1877,"贵州省",NA
108.1055,25.2246,18,1878,"贵州省",NA
107.8418,25.1367,18,1879,"贵州省",NA
107.7539,25.2246,18,1880,"贵州省",NA
107.4902,25.2246,18,1881,"贵州省",NA
107.2266,25.6201,18,1882,"贵州省",NA
106.9629,25.4883,18,1883,"贵州省",NA
107.0508,25.2686,18,1884,"贵州省",NA
106.875,25.1807,18,1885,"贵州省",NA
106.1719,24.9609,18,1886,"贵州省",NA
106.1719,24.7852,18,1887,"贵州省",NA
105.9961,24.6533,18,1888,"贵州省",NA
105.2051,24.9609,18,1889,"贵州省",NA
104.6777,24.6094,18,1890,"贵州省",NA
104.502,24.7412,18,1891,"贵州省",NA
104.6777,24.9609,18,1892,"贵州省",NA
104.5898,25.0488,18,1893,"贵州省",NA
104.8535,25.2246,18,1894,"贵州省",NA
104.3262,25.708,18,1895,"贵州省",NA
104.6777,26.4111,18,1896,"贵州省",NA
104.4141,26.6748,18,1897,"贵州省",NA
103.8867,26.543,18,1898,"贵州省",NA
103.7109,26.7627,18,1899,"贵州省",NA
103.7109,26.9824,18,1900,"贵州省",NA
103.623,27.0264,18,1901,"贵州省",NA
103.8867,27.4219,18,1902,"贵州省",NA
104.1504,27.2461,18,1903,"贵州省",NA
115.4883,36.167,19,1905,"山东省",NA
115.3125,36.5186,19,1906,"山东省",NA
115.752,36.9141,19,1907,"山东省",NA
116.0156,37.3535,19,1908,"山东省",NA
116.2793,37.3535,19,1909,"山东省",NA
116.2793,37.5732,19,1910,"山东省",NA
116.4551,37.4854,19,1911,"山东省",NA
116.8066,37.8369,19,1912,"山东省",NA
117.4219,37.8369,19,1913,"山东省",NA
117.9492,38.3203,19,1914,"山东省",NA
118.125,38.1445,19,1915,"山东省",NA
118.916,38.1445,19,1916,"山东省",NA
119.3555,37.6611,19,1917,"山东省",NA
119.0039,37.5293,19,1918,"山东省",NA
119.0039,37.3535,19,1919,"山东省",NA
119.3555,37.1338,19,1920,"山东省",NA
119.707,37.1338,19,1921,"山东省",NA
119.8828,37.3975,19,1922,"山东省",NA
120.498,37.8369,19,1923,"山东省",NA
120.5859,38.1445,19,1924,"山东省",NA
120.9375,38.4521,19,1925,"山东省",NA
121.0254,37.8369,19,1926,"山东省",NA
121.2012,37.6611,19,1927,"山东省",NA
121.9043,37.4854,19,1928,"山东省",NA
122.168,37.6172,19,1929,"山东省",NA
122.2559,37.4854,19,1930,"山东省",NA
122.6074,37.4854,19,1931,"山东省",NA
122.6953,37.3535,19,1932,"山东省",NA
122.6074,36.9141,19,1933,"山东省",NA
122.4316,36.7822,19,1934,"山东省",NA
121.8164,36.8701,19,1935,"山东省",NA
121.7285,36.6943,19,1936,"山东省",NA
121.1133,36.6064,19,1937,"山东省",NA
121.1133,36.4307,19,1938,"山东省",NA
121.377,36.2549,19,1939,"山东省",NA
120.7617,36.167,19,1940,"山东省",NA
120.9375,35.8594,19,1941,"山东省",NA
120.6738,36.0352,19,1942,"山东省",NA
119.707,35.4639,19,1943,"山东省",NA
119.9707,34.9805,19,1944,"山东省",NA
119.3555,35.0244,19,1945,"山东省",NA
119.2676,35.1123,19,1946,"山东省",NA
118.916,35.0244,19,1947,"山东省",NA
118.7402,34.7168,19,1948,"山东省",NA
118.4766,34.6729,19,1949,"山东省",NA
118.3887,34.4092,19,1950,"山东省",NA
118.2129,34.4092,19,1951,"山东省",NA
118.125,34.6289,19,1952,"山东省",NA
117.9492,34.6729,19,1953,"山东省",NA
117.5977,34.4531,19,1954,"山东省",NA
117.334,34.585,19,1955,"山东省",NA
117.2461,34.4531,19,1956,"山东省",NA
116.8066,34.9365,19,1957,"山东省",NA
116.4551,34.8926,19,1958,"山东省",NA
116.3672,34.6289,19,1959,"山东省",NA
116.1914,34.585,19,1960,"山东省",NA
115.5762,34.585,19,1961,"山东省",NA
115.4004,34.8486,19,1962,"山东省",NA
114.7852,35.0684,19,1963,"山东省",NA
115.0488,35.376,19,1964,"山东省",NA
115.2246,35.4199,19,1965,"山东省",NA
115.4883,35.7275,19,1966,"山东省",NA
116.1035,36.0791,19,1967,"山东省",NA
115.3125,35.8154,19,1968,"山东省",NA
115.4883,36.167,19,1969,"山东省",NA
114.2578,28.3447,20,1971,"江西省",NA
114.082,28.5645,20,1972,"江西省",NA
114.1699,28.8281,20,1973,"江西省",NA
113.9063,29.0479,20,1974,"江西省",NA
114.2578,29.3555,20,1975,"江西省",NA
114.873,29.3994,20,1976,"江西省",NA
115.4883,29.7949,20,1977,"江西省",NA
115.9277,29.707,20,1978,"江西省",NA
116.1035,29.8389,20,1979,"江西省",NA
116.2793,29.7949,20,1980,"江西省",NA
116.7188,30.0586,20,1981,"江西省",NA
116.8945,29.9268,20,1982,"江西省",NA
116.7188,29.751,20,1983,"江西省",NA
116.7188,29.6191,20,1984,"江西省",NA
117.1582,29.707,20,1985,"江西省",NA
117.0703,29.8389,20,1986,"江西省",NA
117.1582,29.9268,20,1987,"江西省",NA
117.5098,29.6191,20,1988,"江西省",NA
118.0371,29.5752,20,1989,"江西省",NA
118.2129,29.3994,20,1990,"江西省",NA
118.0371,29.1797,20,1991,"江西省",NA
118.0371,29.0479,20,1992,"江西省",NA
118.3887,28.7842,20,1993,"江西省",NA
118.4766,28.3447,20,1994,"江西省",NA
118.4766,28.3008,20,1995,"江西省",NA
118.3008,28.0811,20,1996,"江西省",NA
117.7734,27.8174,20,1997,"江西省",NA
117.5098,27.9932,20,1998,"江西省",NA
116.9824,27.6416,20,1999,"江西省",NA
117.1582,27.29,20,2000,"江西省",NA
117.0703,27.1143,20,2001,"江西省",NA
116.543,26.8066,20,2002,"江西省",NA
116.6309,26.4551,20,2003,"江西省",NA
116.3672,26.2354,20,2004,"江西省",NA
116.4551,26.1035,20,2005,"江西省",NA
116.1914,25.8838,20,2006,"江西省",NA
116.0156,25.2686,20,2007,"江西省",NA
115.8398,25.2246,20,2008,"江西省",NA
115.9277,24.917,20,2009,"江西省",NA
115.752,24.7852,20,2010,"江西省",NA
115.8398,24.5654,20,2011,"江西省",NA
115.4004,24.7852,20,2012,"江西省",NA
114.4336,24.5215,20,2013,"江西省",NA
114.1699,24.6973,20,2014,"江西省",NA
114.4336,24.9609,20,2015,"江西省",NA
114.6973,25.1367,20,2016,"江西省",NA
114.7852,25.2686,20,2017,"江西省",NA
114.6094,25.4004,20,2018,"江西省",NA
113.9941,25.2686,20,2019,"江西省",NA
113.9063,25.4443,20,2020,"江西省",NA
113.9941,26.0596,20,2021,"江西省",NA
114.2578,26.1475,20,2022,"江西省",NA
113.9941,26.1914,20,2023,"江西省",NA
114.082,26.5869,20,2024,"江西省",NA
113.9063,26.6309,20,2025,"江西省",NA
113.9063,26.9385,20,2026,"江西省",NA
113.7305,27.1143,20,2027,"江西省",NA
113.8184,27.29,20,2028,"江西省",NA
113.6426,27.3779,20,2029,"江西省",NA
113.6426,27.5977,20,2030,"江西省",NA
113.7305,27.9492,20,2031,"江西省",NA
114.2578,28.3447,20,2032,"江西省",NA
110.3906,34.585,21,2034,"河南省",NA
110.8301,34.6289,21,2035,"河南省",NA
111.1816,34.8047,21,2036,"河南省",NA
111.5332,34.8486,21,2037,"河南省",NA
111.7969,35.0684,21,2038,"河南省",NA
112.0605,35.0684,21,2039,"河南省",NA
112.0605,35.2881,21,2040,"河南省",NA
112.7637,35.2002,21,2041,"河南省",NA
113.1152,35.332,21,2042,"河南省",NA
113.6426,35.6836,21,2043,"河南省",NA
113.7305,36.3428,21,2044,"河南省",NA
114.873,36.123,21,2045,"河南省",NA
114.9609,36.0791,21,2046,"河南省",NA
115.1367,36.2109,21,2047,"河南省",NA
115.3125,36.0791,21,2048,"河南省",NA
115.4883,36.167,21,2049,"河南省",NA
115.3125,35.8154,21,2050,"河南省",NA
116.1035,36.0791,21,2051,"河南省",NA
115.4883,35.7275,21,2052,"河南省",NA
115.2246,35.4199,21,2053,"河南省",NA
115.0488,35.376,21,2054,"河南省",NA
114.7852,35.0684,21,2055,"河南省",NA
115.4004,34.8486,21,2056,"河南省",NA
115.5762,34.585,21,2057,"河南省",NA
116.1914,34.585,21,2058,"河南省",NA
116.1914,34.4092,21,2059,"河南省",NA
116.543,34.2773,21,2060,"河南省",NA
116.6309,33.9258,21,2061,"河南省",NA
116.1914,33.7061,21,2062,"河南省",NA
116.0156,33.9697,21,2063,"河南省",NA
115.6641,34.0576,21,2064,"河南省",NA
115.5762,33.9258,21,2065,"河南省",NA
115.5762,33.6621,21,2066,"河南省",NA
115.4004,33.5303,21,2067,"河南省",NA
115.3125,33.1787,21,2068,"河南省",NA
114.873,33.1348,21,2069,"河南省",NA
114.873,33.0029,21,2070,"河南省",NA
115.1367,32.8711,21,2071,"河南省",NA
115.2246,32.6074,21,2072,"河南省",NA
115.5762,32.4316,21,2073,"河南省",NA
115.8398,32.5195,21,2074,"河南省",NA
115.9277,31.7725,21,2075,"河南省",NA
115.4883,31.6846,21,2076,"河南省",NA
115.4004,31.4209,21,2077,"河南省",NA
115.2246,31.4209,21,2078,"河南省",NA
115.1367,31.5967,21,2079,"河南省",NA
114.7852,31.4648,21,2080,"河南省",NA
114.6094,31.5527,21,2081,"河南省",NA
114.5215,31.7725,21,2082,"河南省",NA
114.1699,31.8604,21,2083,"河南省",NA
113.9941,31.7725,21,2084,"河南省",NA
113.8184,31.8604,21,2085,"河南省",NA
113.7305,32.4316,21,2086,"河南省",NA
113.4668,32.2998,21,2087,"河南省",NA
113.2031,32.4316,21,2088,"河南省",NA
112.3242,32.3438,21,2089,"河南省",NA
111.5332,32.6074,21,2090,"河南省",NA
111.0059,33.2666,21,2091,"河南省",NA
111.0059,33.5303,21,2092,"河南省",NA
110.6543,33.8379,21,2093,"河南省",NA
110.6543,34.1455,21,2094,"河南省",NA
110.4785,34.2334,21,2095,"河南省",NA
110.3906,34.585,21,2096,"河南省",NA
119.2676,41.3086,22,2098,"辽宁省",NA
119.4434,41.6162,22,2099,"辽宁省",NA
119.2676,41.7041,22,2100,"辽宁省",NA
119.3555,42.2754,22,2101,"辽宁省",NA
119.5313,42.3633,22,2102,"辽宁省",NA
119.8828,42.1875,22,2103,"辽宁省",NA
120.1465,41.7041,22,2104,"辽宁省",NA
120.498,42.0996,22,2105,"辽宁省",NA
121.4648,42.4951,22,2106,"辽宁省",NA
121.7285,42.4512,22,2107,"辽宁省",NA
121.9922,42.7148,22,2108,"辽宁省",NA
122.3438,42.6709,22,2109,"辽宁省",NA
122.3438,42.8467,22,2110,"辽宁省",NA
122.7832,42.7148,22,2111,"辽宁省",NA
123.1348,42.8027,22,2112,"辽宁省",NA
123.3105,42.9785,22,2113,"辽宁省",NA
123.5742,43.0225,22,2114,"辽宁省",NA
123.6621,43.374,22,2115,"辽宁省",NA
123.8379,43.4619,22,2116,"辽宁省",NA
124.2773,43.2422,22,2117,"辽宁省",NA
124.4531,42.8467,22,2118,"辽宁省",NA
124.7168,43.0664,22,2119,"辽宁省",NA
124.8926,43.0664,22,2120,"辽宁省",NA
124.8926,42.8027,22,2121,"辽宁省",NA
125.332,42.1436,22,2122,"辽宁省",NA
125.4199,42.0996,22,2123,"辽宁省",NA
125.332,41.9678,22,2124,"辽宁省",NA
125.332,41.6602,22,2125,"辽宁省",NA
125.7715,41.2207,22,2126,"辽宁省",NA
125.5957,40.9131,22,2127,"辽宁省",NA
125.6836,40.8691,22,2128,"辽宁省",NA
124.541,40.21,22,2129,"辽宁省",NA
124.1016,39.6826,22,2130,"辽宁省",NA
123.3984,39.6826,22,2131,"辽宁省",NA
123.1348,39.4189,22,2132,"辽宁省",NA
123.1348,39.0234,22,2133,"辽宁省",NA
122.0801,39.0234,22,2134,"辽宁省",NA
121.5527,38.7158,22,2135,"辽宁省",NA
121.1133,38.6719,22,2136,"辽宁省",NA
120.9375,38.9795,22,2137,"辽宁省",NA
121.377,39.1992,22,2138,"辽宁省",NA
121.2012,39.5508,22,2139,"辽宁省",NA
122.0801,40.3857,22,2140,"辽宁省",NA
121.9922,40.6934,22,2141,"辽宁省",NA
121.7285,40.8252,22,2142,"辽宁省",NA
121.2012,40.8252,22,2143,"辽宁省",NA
120.5859,40.21,22,2144,"辽宁省",NA
119.8828,39.9463,22,2145,"辽宁省",NA
119.707,40.1221,22,2146,"辽宁省",NA
119.5313,40.5615,22,2147,"辽宁省",NA
119.2676,40.5176,22,2148,"辽宁省",NA
118.8281,40.8252,22,2149,"辽宁省",NA
119.2676,41.3086,22,2150,"辽宁省",NA
110.918,38.7158,23,2152,"山西省",NA
111.1816,39.2432,23,2153,"山西省",NA
111.0938,39.375,23,2154,"山西省",NA
111.3574,39.4189,23,2155,"山西省",NA
111.4453,39.6387,23,2156,"山西省",NA
111.9727,39.5947,23,2157,"山西省",NA
112.3242,40.2539,23,2158,"山西省",NA
112.7637,40.166,23,2159,"山西省",NA
113.2031,40.3857,23,2160,"山西省",NA
113.5547,40.3418,23,2161,"山西省",NA
113.8184,40.5176,23,2162,"山西省",NA
114.082,40.5176,23,2163,"山西省",NA
114.082,40.7373,23,2164,"山西省",NA
114.2578,40.6055,23,2165,"山西省",NA
114.3457,40.3857,23,2166,"山西省",NA
114.5215,40.3418,23,2167,"山西省",NA
113.9941,39.9902,23,2168,"山西省",NA
114.3457,39.8584,23,2169,"山西省",NA
114.5215,39.5068,23,2170,"山西省",NA
114.3457,39.0674,23,2171,"山西省",NA
113.9063,39.0234,23,2172,"山西省",NA
113.8184,38.9355,23,2173,"山西省",NA
113.8184,38.8037,23,2174,"山西省",NA
113.5547,38.54,23,2175,"山西省",NA
113.5547,38.2764,23,2176,"山西省",NA
113.8184,38.1445,23,2177,"山西省",NA
113.9941,37.7051,23,2178,"山西省",NA
114.1699,37.6611,23,2179,"山西省",NA
113.7305,37.1338,23,2180,"山西省",NA
113.7305,36.8701,23,2181,"山西省",NA
113.4668,36.6504,23,2182,"山西省",NA
113.7305,36.3428,23,2183,"山西省",NA
113.6426,35.6836,23,2184,"山西省",NA
113.1152,35.332,23,2185,"山西省",NA
112.7637,35.2002,23,2186,"山西省",NA
112.0605,35.2881,23,2187,"山西省",NA
112.0605,35.0684,23,2188,"山西省",NA
111.7969,35.0684,23,2189,"山西省",NA
111.5332,34.8486,23,2190,"山西省",NA
111.1816,34.8047,23,2191,"山西省",NA
110.8301,34.6289,23,2192,"山西省",NA
110.3906,34.585,23,2193,"山西省",NA
110.2148,34.6729,23,2194,"山西省",NA
110.2148,34.8926,23,2195,"山西省",NA
110.5664,35.6396,23,2196,"山西省",NA
110.4785,36.123,23,2197,"山西省",NA
110.3906,37.002,23,2198,"山西省",NA
110.8301,37.6611,23,2199,"山西省",NA
110.4785,37.9688,23,2200,"山西省",NA
110.4785,38.1885,23,2201,"山西省",NA
110.8301,38.4961,23,2202,"山西省",NA
110.918,38.7158,23,2203,"山西省",NA
116.6309,33.9258,24,2205,"安徽省",NA
116.543,34.2773,24,2206,"安徽省",NA
116.1914,34.4092,24,2207,"安徽省",NA
116.1914,34.585,24,2208,"安徽省",NA
116.3672,34.6289,24,2209,"安徽省",NA
116.8945,34.4092,24,2210,"安徽省",NA
117.1582,34.0576,24,2211,"安徽省",NA
117.5977,34.0137,24,2212,"安徽省",NA
117.7734,33.7061,24,2213,"安徽省",NA
118.125,33.75,24,2214,"安徽省",NA
117.9492,33.2227,24,2215,"安徽省",NA
118.0371,33.1348,24,2216,"安徽省",NA
118.2129,33.2227,24,2217,"安徽省",NA
118.3008,32.7832,24,2218,"安徽省",NA
118.7402,32.7393,24,2219,"安徽省",NA
118.916,32.959,24,2220,"安徽省",NA
119.1797,32.8271,24,2221,"安徽省",NA
119.1797,32.4756,24,2222,"安徽省",NA
118.5645,32.5635,24,2223,"安徽省",NA
118.6523,32.2119,24,2224,"安徽省",NA
118.4766,32.168,24,2225,"安徽省",NA
118.3887,31.9482,24,2226,"安徽省",NA
118.916,31.5527,24,2227,"安徽省",NA
118.7402,31.377,24,2228,"安徽省",NA
118.8281,31.2451,24,2229,"安徽省",NA
119.3555,31.2891,24,2230,"安徽省",NA
119.4434,31.1572,24,2231,"安徽省",NA
119.6191,31.1133,24,2232,"安徽省",NA
119.6191,31.0693,24,2233,"安徽省",NA
119.4434,30.6738,24,2234,"安徽省",NA
119.2676,30.6299,24,2235,"安徽省",NA
119.3555,30.4102,24,2236,"安徽省",NA
118.916,30.3223,24,2237,"安徽省",NA
118.916,29.9707,24,2238,"安徽省",NA
118.7402,29.707,24,2239,"安徽省",NA
118.2129,29.3994,24,2240,"安徽省",NA
118.0371,29.5752,24,2241,"安徽省",NA
117.5098,29.6191,24,2242,"安徽省",NA
117.1582,29.9268,24,2243,"安徽省",NA
117.0703,29.8389,24,2244,"安徽省",NA
117.1582,29.707,24,2245,"安徽省",NA
116.7188,29.6191,24,2246,"安徽省",NA
116.7188,29.751,24,2247,"安徽省",NA
116.8945,29.9268,24,2248,"安徽省",NA
116.7188,30.0586,24,2249,"安徽省",NA
116.2793,29.7949,24,2250,"安徽省",NA
116.1035,29.8389,24,2251,"安徽省",NA
116.1035,30.1904,24,2252,"安徽省",NA
115.752,30.6738,24,2253,"安徽省",NA
116.0156,31.0254,24,2254,"安徽省",NA
115.5762,31.2012,24,2255,"安徽省",NA
115.4004,31.4209,24,2256,"安徽省",NA
115.4883,31.6846,24,2257,"安徽省",NA
115.9277,31.7725,24,2258,"安徽省",NA
115.8398,32.5195,24,2259,"安徽省",NA
115.5762,32.4316,24,2260,"安徽省",NA
115.2246,32.6074,24,2261,"安徽省",NA
115.1367,32.8711,24,2262,"安徽省",NA
114.873,33.0029,24,2263,"安徽省",NA
114.873,33.1348,24,2264,"安徽省",NA
115.3125,33.1787,24,2265,"安徽省",NA
115.4004,33.5303,24,2266,"安徽省",NA
115.5762,33.6621,24,2267,"安徽省",NA
115.5762,33.9258,24,2268,"安徽省",NA
115.6641,34.0576,24,2269,"安徽省",NA
116.0156,33.9697,24,2270,"安徽省",NA
116.1914,33.7061,24,2271,"安徽省",NA
116.6309,33.9258,24,2272,"安徽省",NA
118.4766,28.3008,25,2274,"福建省",NA
118.8281,28.2568,25,2275,"福建省",NA
118.7402,28.0371,25,2276,"福建省",NA
118.916,27.4658,25,2277,"福建省",NA
119.2676,27.4219,25,2278,"福建省",NA
119.6191,27.6855,25,2279,"福建省",NA
119.7949,27.29,25,2280,"福建省",NA
120.2344,27.4219,25,2281,"福建省",NA
120.4102,27.1582,25,2282,"福建省",NA
120.7617,27.0264,25,2283,"福建省",NA
120.6738,26.8945,25,2284,"福建省",NA
120.2344,26.8506,25,2285,"福建省",NA
120.2344,26.7188,25,2286,"福建省",NA
120.4102,26.6748,25,2287,"福建省",NA
120.498,26.3672,25,2288,"福建省",NA
120.2344,26.2793,25,2289,"福建省",NA
120.4102,26.1475,25,2290,"福建省",NA
120.0586,26.1914,25,2291,"福建省",NA
119.9707,25.9277,25,2292,"福建省",NA
119.7949,25.9277,25,2293,"福建省",NA
119.9707,25.4004,25,2294,"福建省",NA
119.7949,25.2686,25,2295,"福建省",NA
119.5313,25.1367,25,2296,"福建省",NA
119.4434,25.0049,25,2297,"福建省",NA
119.2676,25.0928,25,2298,"福建省",NA
118.916,24.8291,25,2299,"福建省",NA
118.6523,24.5215,25,2300,"福建省",NA
118.4766,24.5215,25,2301,"福建省",NA
118.4766,24.4336,25,2302,"福建省",NA
118.2129,24.3457,25,2303,"福建省",NA
118.2129,24.1699,25,2304,"福建省",NA
117.8613,23.9941,25,2305,"福建省",NA
117.7734,23.7744,25,2306,"福建省",NA
117.5098,23.5986,25,2307,"福建省",NA
117.1582,23.5547,25,2308,"福建省",NA
116.9824,23.9063,25,2309,"福建省",NA
116.9824,24.1699,25,2310,"福建省",NA
116.7188,24.6533,25,2311,"福建省",NA
116.543,24.6094,25,2312,"福建省",NA
116.3672,24.873,25,2313,"福建省",NA
116.2793,24.7852,25,2314,"福建省",NA
115.9277,24.917,25,2315,"福建省",NA
115.8398,25.2246,25,2316,"福建省",NA
116.0156,25.2686,25,2317,"福建省",NA
116.1914,25.8838,25,2318,"福建省",NA
116.4551,26.1035,25,2319,"福建省",NA
116.3672,26.2354,25,2320,"福建省",NA
116.6309,26.4551,25,2321,"福建省",NA
116.543,26.8066,25,2322,"福建省",NA
117.0703,27.1143,25,2323,"福建省",NA
117.1582,27.29,25,2324,"福建省",NA
116.9824,27.6416,25,2325,"福建省",NA
117.5098,27.9932,25,2326,"福建省",NA
117.7734,27.8174,25,2327,"福建省",NA
118.3008,28.0811,25,2328,"福建省",NA
118.4766,28.3008,25,2329,"福建省",NA
118.2129,29.3994,26,2331,"浙江省",NA
118.7402,29.707,26,2332,"浙江省",NA
118.916,29.9707,26,2333,"浙江省",NA
118.916,30.3223,26,2334,"浙江省",NA
119.3555,30.4102,26,2335,"浙江省",NA
119.2676,30.6299,26,2336,"浙江省",NA
119.4434,30.6738,26,2337,"浙江省",NA
119.6191,31.0693,26,2338,"浙江省",NA
119.6191,31.1133,26,2339,"浙江省",NA
119.9707,31.1572,26,2340,"浙江省",NA
120.498,30.8057,26,2341,"浙江省",NA
120.9375,31.0254,26,2342,"浙江省",NA
121.2891,30.6738,26,2343,"浙江省",NA
121.9922,30.8057,26,2344,"浙江省",NA
122.6953,30.8936,26,2345,"浙江省",NA
122.8711,30.7178,26,2346,"浙江省",NA
122.959,30.1465,26,2347,"浙江省",NA
122.6074,30.1025,26,2348,"浙江省",NA
122.6074,29.9268,26,2349,"浙江省",NA
122.168,29.5313,26,2350,"浙江省",NA
122.3438,28.8721,26,2351,"浙江省",NA
121.9922,28.8721,26,2352,"浙江省",NA
121.9922,28.4326,26,2353,"浙江省",NA
121.7285,28.3447,26,2354,"浙江省",NA
121.7285,28.2129,26,2355,"浙江省",NA
121.4648,28.2129,26,2356,"浙江省",NA
121.5527,28.0371,26,2357,"浙江省",NA
121.2891,27.9492,26,2358,"浙江省",NA
121.1133,27.4219,26,2359,"浙江省",NA
120.6738,27.334,26,2360,"浙江省",NA
120.6738,27.1582,26,2361,"浙江省",NA
120.9375,27.0264,26,2362,"浙江省",NA
120.7617,27.0264,26,2363,"浙江省",NA
120.4102,27.1582,26,2364,"浙江省",NA
120.2344,27.4219,26,2365,"浙江省",NA
119.7949,27.29,26,2366,"浙江省",NA
119.6191,27.6855,26,2367,"浙江省",NA
119.2676,27.4219,26,2368,"浙江省",NA
118.916,27.4658,26,2369,"浙江省",NA
118.7402,28.0371,26,2370,"浙江省",NA
118.8281,28.2568,26,2371,"浙江省",NA
118.4766,28.3008,26,2372,"浙江省",NA
118.4766,28.3447,26,2373,"浙江省",NA
118.3887,28.7842,26,2374,"浙江省",NA
118.0371,29.0479,26,2375,"浙江省",NA
118.0371,29.1797,26,2376,"浙江省",NA
118.2129,29.3994,26,2377,"浙江省",NA
116.3672,34.6289,27,2379,"江苏省",NA
116.4551,34.8926,27,2380,"江苏省",NA
116.8066,34.9365,27,2381,"江苏省",NA
117.2461,34.4531,27,2382,"江苏省",NA
117.334,34.585,27,2383,"江苏省",NA
117.5977,34.4531,27,2384,"江苏省",NA
117.9492,34.6729,27,2385,"江苏省",NA
118.125,34.6289,27,2386,"江苏省",NA
118.2129,34.4092,27,2387,"江苏省",NA
118.3887,34.4092,27,2388,"江苏省",NA
118.4766,34.6729,27,2389,"江苏省",NA
118.7402,34.7168,27,2390,"江苏省",NA
118.916,35.0244,27,2391,"江苏省",NA
119.2676,35.1123,27,2392,"江苏省",NA
119.3555,35.0244,27,2393,"江苏省",NA
119.3555,34.8486,27,2394,"江苏省",NA
119.707,34.585,27,2395,"江苏省",NA
120.3223,34.3652,27,2396,"江苏省",NA
120.9375,33.0469,27,2397,"江苏省",NA
121.0254,32.6514,27,2398,"江苏省",NA
121.377,32.4756,27,2399,"江苏省",NA
121.4648,32.168,27,2400,"江苏省",NA
121.9043,31.9922,27,2401,"江苏省",NA
121.9922,31.6846,27,2402,"江苏省",NA
121.9922,31.5967,27,2403,"江苏省",NA
121.2012,31.8604,27,2404,"江苏省",NA
121.1133,31.7285,27,2405,"江苏省",NA
121.377,31.5088,27,2406,"江苏省",NA
121.2012,31.4648,27,2407,"江苏省",NA
120.9375,31.0254,27,2408,"江苏省",NA
120.498,30.8057,27,2409,"江苏省",NA
119.9707,31.1572,27,2410,"江苏省",NA
119.6191,31.1133,27,2411,"江苏省",NA
119.4434,31.1572,27,2412,"江苏省",NA
119.3555,31.2891,27,2413,"江苏省",NA
118.8281,31.2451,27,2414,"江苏省",NA
118.7402,31.377,27,2415,"江苏省",NA
118.916,31.5527,27,2416,"江苏省",NA
118.3887,31.9482,27,2417,"江苏省",NA
118.4766,32.168,27,2418,"江苏省",NA
118.6523,32.2119,27,2419,"江苏省",NA
118.5645,32.5635,27,2420,"江苏省",NA
119.1797,32.4756,27,2421,"江苏省",NA
119.1797,32.8271,27,2422,"江苏省",NA
118.916,32.959,27,2423,"江苏省",NA
118.7402,32.7393,27,2424,"江苏省",NA
118.3008,32.7832,27,2425,"江苏省",NA
118.2129,33.2227,27,2426,"江苏省",NA
118.0371,33.1348,27,2427,"江苏省",NA
117.9492,33.2227,27,2428,"江苏省",NA
118.125,33.75,27,2429,"江苏省",NA
117.7734,33.7061,27,2430,"江苏省",NA
117.5977,34.0137,27,2431,"江苏省",NA
117.1582,34.0576,27,2432,"江苏省",NA
116.8945,34.4092,27,2433,"江苏省",NA
116.3672,34.6289,27,2434,"江苏省",NA
108.5449,31.6846,28,2436,"重庆市",NA
108.2813,31.9043,28,2437,"重庆市",NA
108.3691,32.168,28,2438,"重庆市",NA
108.5449,32.2119,28,2439,"重庆市",NA
109.0723,31.9482,28,2440,"重庆市",NA
109.248,31.7285,28,2441,"重庆市",NA
109.5996,31.7285,28,2442,"重庆市",NA
109.7754,31.6846,28,2443,"重庆市",NA
109.6875,31.5527,28,2444,"重庆市",NA
110.127,31.377,28,2445,"重庆市",NA
110.2148,31.1572,28,2446,"重庆市",NA
110.0391,30.8057,28,2447,"重庆市",NA
109.8633,30.8936,28,2448,"重庆市",NA
109.4238,30.542,28,2449,"重庆市",NA
109.248,30.6299,28,2450,"重庆市",NA
109.1602,30.542,28,2451,"重庆市",NA
109.0723,30.6299,28,2452,"重庆市",NA
108.8086,30.498,28,2453,"重庆市",NA
108.6328,30.5859,28,2454,"重庆市",NA
108.457,30.4102,28,2455,"重庆市",NA
108.5449,30.2344,28,2456,"重庆市",NA
108.457,29.7949,28,2457,"重庆市",NA
108.6328,29.8389,28,2458,"重庆市",NA
108.9844,29.3115,28,2459,"重庆市",NA
109.0723,29.3555,28,2460,"重庆市",NA
109.248,29.1357,28,2461,"重庆市",NA
109.248,28.4766,28,2462,"重庆市",NA
109.0723,28.2129,28,2463,"重庆市",NA
108.7207,28.2129,28,2464,"重庆市",NA
108.7207,28.4766,28,2465,"重庆市",NA
108.5449,28.3887,28,2466,"重庆市",NA
108.5449,28.6523,28,2467,"重庆市",NA
108.3691,28.6523,28,2468,"重庆市",NA
108.2813,29.0918,28,2469,"重庆市",NA
107.8418,29.0039,28,2470,"重庆市",NA
107.8418,29.1357,28,2471,"重庆市",NA
107.5781,29.2236,28,2472,"重庆市",NA
107.4023,29.1797,28,2473,"重庆市",NA
107.4023,28.8721,28,2474,"重庆市",NA
106.875,28.7842,28,2475,"重庆市",NA
106.6992,28.4766,28,2476,"重庆市",NA
106.6113,28.5205,28,2477,"重庆市",NA
106.6113,28.6523,28,2478,"重庆市",NA
106.5234,28.7842,28,2479,"重庆市",NA
106.4355,28.7842,28,2480,"重庆市",NA
106.5234,28.5645,28,2481,"重庆市",NA
106.3477,28.5205,28,2482,"重庆市",NA
106.2598,28.8721,28,2483,"重庆市",NA
105.8203,28.96,28,2484,"重庆市",NA
105.7324,29.2676,28,2485,"重庆市",NA
105.4688,29.3115,28,2486,"重庆市",NA
105.293,29.5313,28,2487,"重庆市",NA
105.7324,29.8828,28,2488,"重庆市",NA
105.5566,30.1025,28,2489,"重庆市",NA
105.6445,30.2783,28,2490,"重庆市",NA
105.8203,30.4541,28,2491,"重庆市",NA
106.2598,30.1904,28,2492,"重庆市",NA
106.6113,30.3223,28,2493,"重庆市",NA
106.7871,30.0146,28,2494,"重庆市",NA
107.0508,30.0146,28,2495,"重庆市",NA
107.4902,30.6299,28,2496,"重庆市",NA
107.4023,30.7617,28,2497,"重庆市",NA
107.4902,30.8496,28,2498,"重庆市",NA
107.9297,30.8496,28,2499,"重庆市",NA
108.1934,31.5088,28,2500,"重庆市",NA
108.5449,31.6846,28,2501,"重庆市",NA
104.3262,37.4414,29,2503,"宁夏回族自治区",NA
105.8203,37.793,29,2504,"宁夏回族自治区",NA
105.9082,38.7158,29,2505,"宁夏回族自治区",NA
106.3477,39.2871,29,2506,"宁夏回族自治区",NA
106.7871,39.375,29,2507,"宁夏回族自治区",NA
106.9629,38.9795,29,2508,"宁夏回族自治区",NA
106.5234,38.3203,29,2509,"宁夏回族自治区",NA
106.7871,38.1885,29,2510,"宁夏回族自治区",NA
107.3145,38.1006,29,2511,"宁夏回族自治区",NA
107.666,37.8809,29,2512,"宁夏回族自治区",NA
107.3145,37.6172,29,2513,"宁夏回族自治区",NA
107.3145,37.0898,29,2514,"宁夏回族自治区",NA
106.6113,37.0898,29,2515,"宁夏回族自治区",NA
106.6113,36.7822,29,2516,"宁夏回族自治区",NA
106.4355,36.5625,29,2517,"宁夏回族自治区",NA
106.5234,36.4746,29,2518,"宁夏回族自治区",NA
106.5234,36.2549,29,2519,"宁夏回族自治区",NA
106.875,36.123,29,2520,"宁夏回族自治区",NA
106.9629,35.8154,29,2521,"宁夏回族自治区",NA
106.6992,35.6836,29,2522,"宁夏回族自治区",NA
106.4355,35.6836,29,2523,"宁夏回族自治区",NA
106.5234,35.332,29,2524,"宁夏回族自治区",NA
106.3477,35.2441,29,2525,"宁夏回族自治区",NA
106.2598,35.4199,29,2526,"宁夏回族自治区",NA
106.084,35.376,29,2527,"宁夏回族自治区",NA
105.9961,35.4199,29,2528,"宁夏回族自治区",NA
106.084,35.4639,29,2529,"宁夏回族自治区",NA
105.9961,35.4639,29,2530,"宁夏回族自治区",NA
105.8203,35.5518,29,2531,"宁夏回族自治区",NA
105.7324,35.7275,29,2532,"宁夏回族自治区",NA
105.3809,35.7715,29,2533,"宁夏回族自治区",NA
105.293,35.9912,29,2534,"宁夏回族自治区",NA
105.4688,36.123,29,2535,"宁夏回族自治区",NA
105.2051,36.6943,29,2536,"宁夏回族自治区",NA
105.293,36.8262,29,2537,"宁夏回族自治区",NA
104.8535,37.2217,29,2538,"宁夏回族自治区",NA
104.5898,37.2217,29,2539,"宁夏回族自治区",NA
104.5898,37.4414,29,2540,"宁夏回族自治区",NA
104.3262,37.4414,29,2541,"宁夏回族自治区",NA
108.6328,19.3799,30,2543,"海南省",NA
109.0723,19.6436,30,2544,"海南省",NA
109.248,19.9512,30,2545,"海南省",NA
109.5996,20.0391,30,2546,"海南省",NA
110.0391,20.127,30,2547,"海南省",NA
110.3906,20.127,30,2548,"海南省",NA
110.5664,20.2588,30,2549,"海南省",NA
110.6543,20.2588,30,2550,"海南省",NA
111.0938,19.9512,30,2551,"海南省",NA
111.2695,19.9951,30,2552,"海南省",NA
110.6543,19.1602,30,2553,"海南省",NA
110.5664,18.6768,30,2554,"海南省",NA
110.2148,18.5889,30,2555,"海南省",NA
110.0391,18.3691,30,2556,"海南省",NA
109.8633,18.3691,30,2557,"海南省",NA
109.6875,18.1055,30,2558,"海南省",NA
108.9844,18.2813,30,2559,"海南省",NA
108.6328,18.457,30,2560,"海南省",NA
108.6328,19.3799,30,2561,"海南省",NA
121.9043,25.0488,31,2563,"台湾省",NA
121.9922,25.0049,31,2564,"台湾省",NA
121.8164,24.7412,31,2565,"台湾省",NA
121.9043,24.5654,31,2566,"台湾省",NA
121.6406,24.0381,31,2567,"台湾省",NA
121.377,23.1152,31,2568,"台湾省",NA
121.0254,22.6758,31,2569,"台湾省",NA
120.8496,22.0605,31,2570,"台湾省",NA
120.7617,21.9287,31,2571,"台湾省",NA
120.6738,22.3242,31,2572,"台湾省",NA
120.2344,22.5879,31,2573,"台湾省",NA
120.0586,23.0713,31,2574,"台湾省",NA
120.1465,23.6865,31,2575,"台湾省",NA
121.0254,25.0488,31,2576,"台湾省",NA
121.5527,25.3125,31,2577,"台湾省",NA
121.9043,25.0488,31,2578,"台湾省",NA
117.4219,40.21,32,2580,"北京市",NA
117.334,40.1221,32,2581,"北京市",NA
117.2461,40.0781,32,2582,"北京市",NA
116.8066,39.9902,32,2583,"北京市",NA
116.8945,39.8145,32,2584,"北京市",NA
116.8945,39.6826,32,2585,"北京市",NA
116.8066,39.5947,32,2586,"北京市",NA
116.543,39.5947,32,2587,"北京市",NA
116.3672,39.4629,32,2588,"北京市",NA
116.1914,39.5947,32,2589,"北京市",NA
115.752,39.5068,32,2590,"北京市",NA
115.4883,39.6387,32,2591,"北京市",NA
115.4004,39.9463,32,2592,"北京市",NA
115.9277,40.2539,32,2593,"北京市",NA
115.752,40.5615,32,2594,"北京市",NA
116.1035,40.6055,32,2595,"北京市",NA
116.1914,40.7813,32,2596,"北京市",NA
116.4551,40.7813,32,2597,"北京市",NA
116.3672,40.9131,32,2598,"北京市",NA
116.6309,41.0449,32,2599,"北京市",NA
116.9824,40.6934,32,2600,"北京市",NA
117.4219,40.6494,32,2601,"北京市",NA
117.2461,40.5176,32,2602,"北京市",NA
117.4219,40.21,32,2603,"北京市",NA
116.8066,39.5947,33,2605,"天津市",NA
116.8945,39.6826,33,2606,"天津市",NA
117.1582,39.6387,33,2607,"天津市",NA
117.1582,39.8145,33,2608,"天津市",NA
117.2461,40.0781,33,2609,"天津市",NA
117.334,40.1221,33,2610,"天津市",NA
117.4219,40.21,33,2611,"天津市",NA
117.6855,40.0781,33,2612,"天津市",NA
117.6855,39.9902,33,2613,"天津市",NA
117.5098,39.9902,33,2614,"天津市",NA
117.5098,39.7705,33,2615,"天津市",NA
117.6855,39.5947,33,2616,"天津市",NA
117.9492,39.5947,33,2617,"天津市",NA
117.8613,39.4189,33,2618,"天津市",NA
118.0371,39.2432,33,2619,"天津市",NA
118.0371,39.1992,33,2620,"天津市",NA
117.8613,39.1113,33,2621,"天津市",NA
117.5977,38.6279,33,2622,"天津市",NA
117.2461,38.54,33,2623,"天津市",NA
116.7188,38.8037,33,2624,"天津市",NA
116.7188,38.9355,33,2625,"天津市",NA
116.8945,39.1113,33,2626,"天津市",NA
116.8066,39.5947,33,2627,"天津市",NA
120.9375,31.0254,34,2629,"上海市",NA
121.2012,31.4648,34,2630,"上海市",NA
121.377,31.5088,34,2631,"上海市",NA
121.1133,31.7285,34,2632,"上海市",NA
121.2012,31.8604,34,2633,"上海市",NA
121.9922,31.5967,34,2634,"上海市",NA
121.9043,31.1572,34,2635,"上海市",NA
121.9922,30.8057,34,2636,"上海市",NA
121.2891,30.6738,34,2637,"上海市",NA
120.9375,31.0254,34,2638,"上海市",NA
114.6094,22.4121,35,2640,"香港特别行政区",NA
114.5215,22.1484,35,2641,"香港特别行政区",NA
114.3457,22.1484,35,2642,"香港特别行政区",NA
113.9063,22.1484,35,2643,"香港特别行政区",NA
113.8184,22.1924,35,2644,"香港特别行政区",NA
113.9063,22.4121,35,2645,"香港特别行政区",NA
114.1699,22.5439,35,2646,"香港特别行政区",NA
114.3457,22.5439,35,2647,"香港特别行政区",NA
114.4336,22.5439,35,2648,"香港特别行政区",NA
114.4336,22.4121,35,2649,"香港特别行政区",NA
114.6094,22.4121,35,2650,"香港特别行政区",NA
113.5986,22.1649,36,2652,"澳门特别行政区",NA
113.6096,22.1265,36,2653,"澳门特别行政区",NA
113.5547,22.11,36,2654,"澳门特别行政区",NA
113.5437,22.2034,36,2655,"澳门特别行政区",NA
113.5767,22.2034,36,2656,"澳门特别行政区",NA
113.5986,22.1649,36,2657,"澳门特别行政区",NA
